{"type": "FeatureCollection", "name": "rayong_web_unverified", "generated_at": "2026-09-30T14:49:08+07:00", "source_snapshot": "latest.json", "features": [{"type": "Feature", "id": "web-rayongall-2876", "geometry": {"type": "Point", "coordinates": [101.301091, 12.66888]}, "properties": {"layer": "web_unverified", "web_id": "2876", "title": "โค้งคอกม้าซอยสมบูรนกิจการยาง", "depth_cm": 90, "severity": "severe", "passability": "unknown", "site_level": "severe", "district": "เมืองระยอง", "last_reported_at": "2026-09-30T14:41:00+07:00", "attribution": "rayongall.com (crowd-sourced, unverified)", "source_url": "https://74.rayongall.com/ry/flood-map/"}}, {"type": "Feature", "id": "web-rayongall-2872", "geometry": {"type": "Polygon", "coordinates": [[[101.298401, 12.665646], [101.298401, 12.666475], [101.297794, 12.667393], [101.296793, 12.668104], [101.296247, 12.669702], [101.295701, 12.672604], [101.29564, 12.674114], [101.296702, 12.674943], [101.299555, 12.676068], [101.301679, 12.676245], [101.302559, 12.676038], [101.303439, 12.675357], [101.303196, 12.674558], [101.301891, 12.673403], [101.301102, 12.672219], [101.300859, 12.67139], [101.299858, 12.669465], [101.299797, 12.6676], [101.299524, 12.666801], [101.298766, 12.665676], [101.297916, 12.66535], [101.298401, 12.665646]]]}, "properties": {"layer": "web_unverified", "web_id": "2872", "title": "อนุสรณ์พัฒนา", "depth_cm": null, "severity": "unknown", "passability": "impassable", "site_level": "severe", "district": "เมืองระยอง", "last_reported_at": "2026-09-30T14:21:46+07:00", "attribution": "rayongall.com (crowd-sourced, unverified)", "source_url": "https://74.rayongall.com/ry/flood-map/"}}, {"type": "Feature", "id": "web-rayongall-2871", "geometry": {"type": "Polygon", "coordinates": [[[101.339338, 12.659902], [101.339156, 12.660021], [101.338822, 12.661175], [101.338154, 12.661886], [101.33603, 12.6631], [101.335514, 12.663248], [101.334756, 12.663218], [101.33336, 12.662567], [101.332055, 12.661264], [101.331357, 12.659577], [101.331357, 12.658984], [101.331539, 12.658481], [101.333481, 12.655935], [101.334786, 12.655579], [101.335362, 12.655668], [101.336242, 12.65629], [101.337851, 12.657889], [101.3387, 12.659281], [101.338792, 12.660879], [101.338397, 12.661945], [101.338124, 12.662034], [101.339338, 12.659902]]]}, "properties": {"layer": "web_unverified", "web_id": "2871", "title": "ตะพง ตะกาด", "depth_cm": 170, "severity": "severe", "passability": "impassable", "site_level": "severe", "district": "เมืองระยอง", "last_reported_at": "2026-09-30T14:04:40+07:00", "attribution": "rayongall.com (crowd-sourced, unverified)", "source_url": "https://74.rayongall.com/ry/flood-map/"}}, {"type": "Feature", "id": "web-rayongall-2868", "geometry": {"type": "Polygon", "coordinates": [[[101.22129, 12.882345], [101.225066, 12.882136], [101.225023, 12.881383], [101.221805, 12.881383], [101.220818, 12.881718], [101.220603, 12.882262], [101.220989, 12.88268], [101.224294, 12.883015], [101.225281, 12.882764], [101.225367, 12.882094], [101.22498, 12.881801], [101.22129, 12.882345]]]}, "properties": {"layer": "web_unverified", "web_id": "2868", "title": "สำนักงานศุกากรมาบตาพุด", "depth_cm": null, "severity": "unknown", "passability": "impassable", "site_level": "severe", "district": "ปลวกแดง", "last_reported_at": "2026-09-30T13:58:54+07:00", "attribution": "rayongall.com (crowd-sourced, unverified)", "source_url": "https://74.rayongall.com/ry/flood-map/"}}, {"type": "Feature", "id": "web-rayongall-2865", "geometry": {"type": "Polygon", "coordinates": [[[101.269312, 12.691892], [101.269033, 12.69184], [101.268808, 12.691641], [101.268743, 12.691515], [101.268754, 12.691253], [101.268958, 12.691149], [101.269151, 12.691138], [101.269548, 12.691379], [101.270224, 12.691547], [101.270374, 12.691526], [101.270492, 12.69162], [101.270578, 12.69162], [101.270567, 12.691442], [101.270428, 12.69118], [101.270438, 12.691055], [101.270825, 12.690092], [101.2709, 12.690018], [101.271147, 12.690008], [101.271329, 12.690081], [101.27134, 12.690594], [101.271211, 12.691055], [101.271007, 12.691526], [101.271007, 12.691683], [101.271436, 12.692049], [101.272305, 12.692164], [101.272413, 12.692269], [101.272423, 12.692405], [101.272359, 12.69252], [101.272177, 12.692646], [101.271726, 12.692708], [101.271393, 12.692698], [101.269269, 12.691902], [101.269312, 12.691892]]]}, "properties": {"layer": "web_unverified", "web_id": "2865", "title": "สุขถาวร", "depth_cm": 50, "severity": "severe", "passability": "unknown", "site_level": "severe", "district": "เมืองระยอง", "last_reported_at": "2026-09-30T13:36:00+07:00", "attribution": "rayongall.com (crowd-sourced, unverified)", "source_url": "https://74.rayongall.com/ry/flood-map/"}}, {"type": "Feature", "id": "web-rayongall-2863", "geometry": {"type": "Polygon", "coordinates": [[[101.28577, 12.689027], [101.285618, 12.688916], [101.285573, 12.688828], [101.285603, 12.688176], [101.28552, 12.68788], [101.285512, 12.686659], [101.285413, 12.68603], [101.285444, 12.685978], [101.28555, 12.685926], [101.285815, 12.685904], [101.285785, 12.688347], [101.285899, 12.689027], [101.285679, 12.689042], [101.285558, 12.688887], [101.28577, 12.689027]]]}, "properties": {"layer": "web_unverified", "web_id": "2863", "title": "เส้นตลาดลุงหนู", "depth_cm": 90, "severity": "severe", "passability": "unknown", "site_level": "severe", "district": "เมืองระยอง", "last_reported_at": "2026-09-30T13:16:04+07:00", "attribution": "rayongall.com (crowd-sourced, unverified)", "source_url": "https://74.rayongall.com/ry/flood-map/"}}, {"type": "Feature", "id": "web-rayongall-2861", "geometry": {"type": "Polygon", "coordinates": [[[101.252661, 12.691609], [101.25176, 12.69163], [101.250086, 12.691295], [101.249292, 12.691274], [101.248519, 12.691505], [101.248155, 12.691756], [101.247983, 12.692049], [101.248004, 12.692363], [101.248798, 12.693996], [101.249356, 12.69477], [101.249399, 12.695105], [101.249871, 12.695356], [101.250279, 12.695377], [101.250987, 12.695105], [101.251609, 12.695084], [101.252661, 12.694812], [101.252811, 12.694498], [101.252875, 12.693619], [101.252725, 12.6932], [101.252511, 12.691777], [101.252661, 12.691609]]]}, "properties": {"layer": "web_unverified", "web_id": "2861", "title": "หมู่บ้านโมเดิร์นซิตี้", "depth_cm": 90, "severity": "severe", "passability": "impassable", "site_level": "severe", "district": "เมืองระยอง", "last_reported_at": "2026-09-30T13:08:00+07:00", "attribution": "rayongall.com (crowd-sourced, unverified)", "source_url": "https://74.rayongall.com/ry/flood-map/"}}, {"type": "Feature", "id": "web-rayongall-2848", "geometry": {"type": "Polygon", "coordinates": [[[101.316457, 12.661146], [101.319431, 12.661205], [101.323133, 12.660494], [101.325439, 12.659665], [101.32635, 12.659192], [101.327017, 12.658363], [101.327199, 12.656645], [101.327017, 12.65629], [101.325864, 12.655816], [101.323861, 12.656172], [101.322344, 12.657001], [101.319916, 12.659369], [101.316761, 12.660376], [101.316578, 12.660731], [101.316457, 12.661146]]]}, "properties": {"layer": "web_unverified", "web_id": "2848", "title": "ถนนสุขุมวิท", "depth_cm": 170, "severity": "severe", "passability": "impassable", "site_level": "severe", "district": "เมืองระยอง", "last_reported_at": "2026-09-30T12:52:09+07:00", "attribution": "rayongall.com (crowd-sourced, unverified)", "source_url": "https://74.rayongall.com/ry/flood-map/"}}, {"type": "Feature", "id": "web-rayongall-2857", "geometry": {"type": "LineString", "coordinates": [[101.279054, 12.687758], [101.279311, 12.687737], [101.280169, 12.687276]]}, "properties": {"layer": "web_unverified", "web_id": "2857", "title": "ค.2 หน้าหมู่บ้านทรัพย์ธานีทาวน์โฮม", "depth_cm": 50, "severity": "severe", "passability": "impassable", "site_level": "severe", "district": "เมืองระยอง", "last_reported_at": "2026-09-30T12:24:00+07:00", "attribution": "rayongall.com (crowd-sourced, unverified)", "source_url": "https://74.rayongall.com/ry/flood-map/"}}, {"type": "Feature", "id": "web-rayongall-2814", "geometry": {"type": "Polygon", "coordinates": [[[101.28378, 12.699255], [101.284493, 12.699318], [101.284617, 12.698716], [101.284665, 12.698303], [101.284654, 12.698235], [101.28459, 12.698198], [101.284381, 12.697973], [101.284214, 12.697957], [101.284043, 12.697968], [101.284016, 12.697989], [101.283882, 12.698418], [101.283833, 12.698962], [101.283753, 12.699177], [101.283753, 12.699307], [101.28378, 12.699255]]]}, "properties": {"layer": "web_unverified", "web_id": "2814", "title": "ซอยตรงข้าม ตรอ.ขวัญเมือง", "depth_cm": 50, "severity": "severe", "passability": "impassable", "site_level": "severe", "district": "เมืองระยอง", "last_reported_at": "2026-09-30T12:16:40+07:00", "attribution": "rayongall.com (crowd-sourced, unverified)", "source_url": "https://74.rayongall.com/ry/flood-map/"}}, {"type": "Feature", "id": "web-rayongall-2849", "geometry": {"type": "Polygon", "coordinates": [[[101.272745, 12.697785], [101.27326, 12.69768], [101.273346, 12.697889], [101.273174, 12.698099], [101.273239, 12.698978], [101.273131, 12.701385], [101.273303, 12.702201], [101.273539, 12.70262], [101.273775, 12.702767], [101.273947, 12.703039], [101.273646, 12.703185], [101.273453, 12.703122], [101.273174, 12.702683], [101.272724, 12.701364], [101.272616, 12.699564], [101.272852, 12.698392], [101.272767, 12.697806], [101.272745, 12.697785]]]}, "properties": {"layer": "web_unverified", "web_id": "2849", "title": "แยกไฟแดงเกาะกลอยฝั่งหน้าวัด ห้ามรถทุกชนิดผ่าน", "depth_cm": 100, "severity": "severe", "passability": "impassable", "site_level": "severe", "district": "เมืองระยอง", "last_reported_at": "2026-09-30T12:07:16+07:00", "attribution": "rayongall.com (crowd-sourced, unverified)", "source_url": "https://74.rayongall.com/ry/flood-map/"}}, {"type": "Feature", "id": "web-rayongall-2855", "geometry": {"type": "Point", "coordinates": [101.655968, 12.816901]}, "properties": {"layer": "web_unverified", "web_id": "2855", "title": "วัดหนองจระเข้", "depth_cm": 90, "severity": "severe", "passability": "impassable", "site_level": "severe", "district": "แกลง", "last_reported_at": "2026-09-30T12:02:00+07:00", "attribution": "rayongall.com (crowd-sourced, unverified)", "source_url": "https://74.rayongall.com/ry/flood-map/"}}, {"type": "Feature", "id": "web-rayongall-2854", "geometry": {"type": "Polygon", "coordinates": [[[101.290877, 12.697157], [101.291027, 12.696822], [101.290684, 12.695859], [101.290233, 12.69521], [101.289847, 12.69498], [101.289632, 12.695042], [101.289611, 12.69544], [101.289868, 12.696089], [101.290426, 12.696801], [101.290941, 12.697073], [101.291521, 12.69701], [101.291585, 12.696864], [101.291478, 12.696654], [101.290748, 12.695984], [101.290877, 12.697157]]]}, "properties": {"layer": "web_unverified", "web_id": "2854", "title": "แยกบ้านดอน", "depth_cm": null, "severity": "unknown", "passability": "impassable", "site_level": "severe", "district": "เมืองระยอง", "last_reported_at": "2026-09-30T11:57:00+07:00", "attribution": "rayongall.com (crowd-sourced, unverified)", "source_url": "https://74.rayongall.com/ry/flood-map/"}}, {"type": "Feature", "id": "web-rayongall-2847", "geometry": {"type": "Polygon", "coordinates": [[[101.250021, 12.700925], [101.249592, 12.700276], [101.249228, 12.699417], [101.24927, 12.697931], [101.249614, 12.696361], [101.249957, 12.695963], [101.250644, 12.695775], [101.250708, 12.696089], [101.250215, 12.696215], [101.249979, 12.696403], [101.249871, 12.696654], [101.250021, 12.697638], [101.249936, 12.698099], [101.249957, 12.699041], [101.25015, 12.699899], [101.250451, 12.700611], [101.250343, 12.700883], [101.250064, 12.700945], [101.250021, 12.700925]]]}, "properties": {"layer": "web_unverified", "web_id": "2847", "title": "เส้นหนองมะหาด หน้าหมู่บ้านรุ่งเรืองเพลสยาวเข้าไปถึงข้างใน", "depth_cm": 90, "severity": "severe", "passability": "unknown", "site_level": "severe", "district": "เมืองระยอง", "last_reported_at": "2026-09-30T11:56:17+07:00", "attribution": "rayongall.com (crowd-sourced, unverified)", "source_url": "https://74.rayongall.com/ry/flood-map/"}}, {"type": "Feature", "id": "web-rayongall-2853", "geometry": {"type": "Polygon", "coordinates": [[[101.655593, 12.818957], [101.655486, 12.819093], [101.655357, 12.819124], [101.655153, 12.819124], [101.655078, 12.819051], [101.654885, 12.81856], [101.65481, 12.817869], [101.655024, 12.817723], [101.655421, 12.81766], [101.655797, 12.817524], [101.656194, 12.817503], [101.656237, 12.817555], [101.655593, 12.818957]]]}, "properties": {"layer": "web_unverified", "web_id": "2853", "title": "วัดหนองจรเข้", "depth_cm": 90, "severity": "severe", "passability": "impassable", "site_level": "severe", "district": "แกลง", "last_reported_at": "2026-09-30T11:53:11+07:00", "attribution": "rayongall.com (crowd-sourced, unverified)", "source_url": "https://74.rayongall.com/ry/flood-map/"}}, {"type": "Feature", "id": "web-rayongall-2841", "geometry": {"type": "Polygon", "coordinates": [[[101.329297, 12.659475], [101.328911, 12.659433], [101.328664, 12.659318], [101.328557, 12.65915], [101.328503, 12.658763], [101.328632, 12.658491], [101.328878, 12.65826], [101.329222, 12.658135], [101.329458, 12.658135], [101.329705, 12.658208], [101.329865, 12.658313], [101.330198, 12.658627], [101.330434, 12.659014], [101.330477, 12.659338], [101.33038, 12.659558], [101.33022, 12.659684], [101.330005, 12.659684], [101.32919, 12.659443], [101.329297, 12.659475]]]}, "properties": {"layer": "web_unverified", "web_id": "2841", "title": "ซ.ตะกาด 3 ม.เพิ่มทรัพย์ บ้าน", "depth_cm": 90, "severity": "severe", "passability": "impassable", "site_level": "severe", "district": "เมืองระยอง", "last_reported_at": "2026-09-30T10:13:00+07:00", "attribution": "rayongall.com (crowd-sourced, unverified)", "source_url": "https://74.rayongall.com/ry/flood-map/"}}, {"type": "Feature", "id": "web-rayongall-2839", "geometry": {"type": "LineString", "coordinates": [[101.291596, 12.697335], [101.292003, 12.697816], [101.292604, 12.69836], [101.293248, 12.699239], [101.29401, 12.700087], [101.294471, 12.700485], [101.295362, 12.701061], [101.296906, 12.702463], [101.297625, 12.702997], [101.297915, 12.703321], [101.29813, 12.703897], [101.298569, 12.704263]]}, "properties": {"layer": "web_unverified", "web_id": "2839", "title": "แยกบ้านดอนสายใน", "depth_cm": null, "severity": "unknown", "passability": "impassable", "site_level": "severe", "district": "เมืองระยอง", "last_reported_at": "2026-09-30T09:59:25+07:00", "attribution": "rayongall.com (crowd-sourced, unverified)", "source_url": "https://74.rayongall.com/ry/flood-map/"}}, {"type": "Feature", "id": "web-rayongall-2837", "geometry": {"type": "Polygon", "coordinates": [[[101.302506, 12.679461], [101.302824, 12.679324], [101.302976, 12.67928], [101.303173, 12.679176], [101.303465, 12.67908], [101.303511, 12.679017], [101.303503, 12.678914], [101.303454, 12.67884], [101.30337, 12.678766], [101.303234, 12.678717], [101.302976, 12.678736], [101.302851, 12.678762], [101.302657, 12.678832], [101.302483, 12.678954], [101.302403, 12.679088], [101.302392, 12.679239], [101.30246, 12.679421], [101.302483, 12.67945], [101.302513, 12.679458], [101.302506, 12.679461]]]}, "properties": {"layer": "web_unverified", "web_id": "2837", "title": "KEX เมืองระยอง สาขา TPO", "depth_cm": 90, "severity": "severe", "passability": "impassable", "site_level": "severe", "district": "เมืองระยอง", "last_reported_at": "2026-09-30T09:55:00+07:00", "attribution": "rayongall.com (crowd-sourced, unverified)", "source_url": "https://74.rayongall.com/ry/flood-map/"}}, {"type": "Feature", "id": "web-rayongall-2836", "geometry": {"type": "Polygon", "coordinates": [[[101.341811, 12.640656], [101.341743, 12.640564], [101.341678, 12.640512], [101.341485, 12.640401], [101.341325, 12.640345], [101.341086, 12.640305], [101.340957, 12.64019], [101.340938, 12.640097], [101.340984, 12.639953], [101.341147, 12.639724], [101.341204, 12.639679], [101.341261, 12.639668], [101.34142, 12.639724], [101.341864, 12.639668], [101.34197, 12.639705], [101.342039, 12.639772], [101.342095, 12.639887], [101.342103, 12.639942], [101.342042, 12.640075], [101.341982, 12.640508], [101.341955, 12.640564], [101.34186, 12.64066], [101.341822, 12.640671], [101.341784, 12.640656], [101.341811, 12.640656]]]}, "properties": {"layer": "web_unverified", "web_id": "2836", "title": "ซอยเนินกลาง1 ด้านใน", "depth_cm": 90, "severity": "severe", "passability": "unknown", "site_level": "severe", "district": "เมืองระยอง", "last_reported_at": "2026-09-30T09:50:00+07:00", "attribution": "rayongall.com (crowd-sourced, unverified)", "source_url": "https://74.rayongall.com/ry/flood-map/"}}, {"type": "Feature", "id": "web-rayongall-2834", "geometry": {"type": "Point", "coordinates": [101.307807, 12.672266]}, "properties": {"layer": "web_unverified", "web_id": "2834", "title": "ระยองซิตี้ปาร์ค", "depth_cm": null, "severity": "unknown", "passability": "impassable", "site_level": "severe", "district": "เมืองระยอง", "last_reported_at": "2026-09-30T09:47:00+07:00", "attribution": "rayongall.com (crowd-sourced, unverified)", "source_url": "https://74.rayongall.com/ry/flood-map/"}}, {"type": "Feature", "id": "web-rayongall-1524", "geometry": {"type": "Polygon", "coordinates": [[[101.699238, 12.779106], [101.700998, 12.778987], [101.701878, 12.779254], [101.701089, 12.779106], [101.700786, 12.778928], [101.700755, 12.778751], [101.700361, 12.77878], [101.697964, 12.780082], [101.697599, 12.780349], [101.697357, 12.780911], [101.69766, 12.78171], [101.698206, 12.781739], [101.699299, 12.781355], [101.702212, 12.780704], [101.703942, 12.779993], [101.704913, 12.779372], [101.705034, 12.777981], [101.70467, 12.77736], [101.70288, 12.777537], [101.700998, 12.778662], [101.700331, 12.77878], [101.699238, 12.779106]]]}, "properties": {"layer": "web_unverified", "web_id": "1524", "title": "ถนนสุขุมวิท", "depth_cm": 50, "severity": "severe", "passability": "unknown", "site_level": "severe", "district": "แกลง", "last_reported_at": "2026-09-30T09:46:27+07:00", "attribution": "rayongall.com (crowd-sourced, unverified)", "source_url": "https://74.rayongall.com/ry/flood-map/"}}, {"type": "Feature", "id": "web-rayongall-2520", "geometry": {"type": "Polygon", "coordinates": [[[101.339082, 12.651864], [101.338609, 12.651697], [101.338331, 12.651445], [101.337998, 12.651058], [101.337676, 12.650294], [101.337515, 12.649498], [101.337461, 12.648399], [101.337569, 12.647939], [101.338019, 12.647164], [101.338395, 12.647153], [101.339554, 12.647478], [101.339961, 12.64753], [101.340315, 12.648221], [101.340272, 12.648661], [101.339983, 12.649142], [101.3395, 12.649781], [101.339403, 12.650001], [101.339318, 12.65043], [101.339328, 12.65133], [101.339092, 12.651896], [101.339082, 12.651864]]]}, "properties": {"layer": "web_unverified", "web_id": "2520", "title": "เลียบคลองตรงคฤหาสน์", "depth_cm": 90, "severity": "severe", "passability": "impassable", "site_level": "severe", "district": "เมืองระยอง", "last_reported_at": "2026-09-30T09:46:25+07:00", "attribution": "rayongall.com (crowd-sourced, unverified)", "source_url": "https://74.rayongall.com/ry/flood-map/"}}, {"type": "Feature", "id": "web-rayongall-2833", "geometry": {"type": "Polygon", "coordinates": [[[101.2497, 12.695984], [101.249356, 12.69611], [101.248498, 12.696152], [101.248369, 12.69634], [101.248326, 12.697282], [101.248198, 12.697596], [101.247983, 12.697826], [101.247296, 12.69812], [101.243005, 12.698287], [101.24249, 12.698078], [101.242232, 12.69745], [101.242125, 12.695943], [101.242297, 12.694728], [101.241546, 12.694477], [101.241417, 12.694226], [101.241632, 12.694038], [101.241975, 12.694017], [101.24176, 12.693347], [101.242254, 12.693033], [101.243112, 12.692823], [101.244185, 12.692803], [101.245043, 12.692447], [101.245751, 12.691986], [101.246223, 12.69184], [101.24676, 12.691819], [101.247146, 12.692112], [101.248348, 12.694079], [101.249034, 12.694791], [101.249077, 12.695503], [101.249721, 12.695545], [101.249785, 12.696005], [101.2497, 12.695984]]]}, "properties": {"layer": "web_unverified", "web_id": "2833", "title": "หนองมะหาด", "depth_cm": null, "severity": "unknown", "passability": "unknown", "site_level": "severe", "district": "เมืองระยอง", "last_reported_at": "2026-09-30T09:46:00+07:00", "attribution": "rayongall.com (crowd-sourced, unverified)", "source_url": "https://74.rayongall.com/ry/flood-map/"}}, {"type": "Feature", "id": "web-rayongall-2832", "geometry": {"type": "Polygon", "coordinates": [[[101.281643, 12.736149], [101.281645, 12.736157], [101.281688, 12.736191], [101.281727, 12.736237], [101.281756, 12.736221], [101.281759, 12.736175], [101.28179, 12.73619], [101.281815, 12.736173], [101.281792, 12.736072], [101.281751, 12.736093], [101.281751, 12.736145], [101.281741, 12.736146], [101.281721, 12.736136], [101.28171, 12.736163], [101.281678, 12.736132], [101.281661, 12.736126], [101.281625, 12.736149], [101.281643, 12.736149]]]}, "properties": {"layer": "web_unverified", "web_id": "2832", "title": "บ้านไผ่", "depth_cm": null, "severity": "unknown", "passability": "unknown", "site_level": "severe", "district": "บ้านค่าย", "last_reported_at": "2026-09-30T09:44:00+07:00", "attribution": "rayongall.com (crowd-sourced, unverified)", "source_url": "https://74.rayongall.com/ry/flood-map/"}}, {"type": "Feature", "id": "web-rayongall-2830", "geometry": {"type": "Polygon", "coordinates": [[[101.281496, 12.736216], [101.281599, 12.736322], [101.281635, 12.736307], [101.281618, 12.736162], [101.281583, 12.736183], [101.281586, 12.736222], [101.281578, 12.736226], [101.281562, 12.736231], [101.281531, 12.736204], [101.281512, 12.736208], [101.2815, 12.736218], [101.281496, 12.736216]]]}, "properties": {"layer": "web_unverified", "web_id": "2830", "title": "บ้านไผ่", "depth_cm": null, "severity": "unknown", "passability": "unknown", "site_level": "severe", "district": "บ้านค่าย", "last_reported_at": "2026-09-30T09:42:00+07:00", "attribution": "rayongall.com (crowd-sourced, unverified)", "source_url": "https://74.rayongall.com/ry/flood-map/"}}, {"type": "Feature", "id": "web-rayongall-2829", "geometry": {"type": "Polygon", "coordinates": [[[101.281523, 12.736364], [101.281485, 12.736368], [101.28145, 12.736388], [101.281399, 12.736279], [101.281391, 12.736246], [101.28147, 12.736221], [101.28148, 12.736251], [101.281434, 12.736267], [101.281434, 12.736281], [101.281441, 12.736292], [101.281452, 12.736292], [101.281485, 12.73628], [101.281497, 12.736313], [101.281456, 12.736328], [101.28145, 12.73634], [101.281461, 12.736347], [101.281505, 12.736328], [101.281519, 12.736362], [101.281523, 12.736364]]]}, "properties": {"layer": "web_unverified", "web_id": "2829", "title": "บ้านไผ่", "depth_cm": null, "severity": "unknown", "passability": "unknown", "site_level": "severe", "district": "บ้านค่าย", "last_reported_at": "2026-09-30T09:41:00+07:00", "attribution": "rayongall.com (crowd-sourced, unverified)", "source_url": "https://74.rayongall.com/ry/flood-map/"}}, {"type": "Feature", "id": "web-rayongall-2827", "geometry": {"type": "Polygon", "coordinates": [[[101.281195, 12.736485], [101.281188, 12.736494], [101.281091, 12.736507], [101.281027, 12.736346], [101.281135, 12.736318], [101.28115, 12.736359], [101.281097, 12.73637], [101.281116, 12.736453], [101.28114, 12.736457], [101.281188, 12.736435], [101.281201, 12.736475], [101.281195, 12.736485]]]}, "properties": {"layer": "web_unverified", "web_id": "2827", "title": "บ้านไผ่", "depth_cm": null, "severity": "unknown", "passability": "unknown", "site_level": "severe", "district": "บ้านค่าย", "last_reported_at": "2026-09-30T09:40:00+07:00", "attribution": "rayongall.com (crowd-sourced, unverified)", "source_url": "https://74.rayongall.com/ry/flood-map/"}}, {"type": "Feature", "id": "web-rayongall-2826", "geometry": {"type": "Polygon", "coordinates": [[[101.281229, 12.736306], [101.281288, 12.736476], [101.281393, 12.736432], [101.281382, 12.736356], [101.28132, 12.736364], [101.281355, 12.73628], [101.281312, 12.736288], [101.281291, 12.736343], [101.281277, 12.736301], [101.281226, 12.736303], [101.281229, 12.736306]]]}, "properties": {"layer": "web_unverified", "web_id": "2826", "title": "ซอยบ้านไผ่", "depth_cm": null, "severity": "unknown", "passability": "unknown", "site_level": "severe", "district": "บ้านค่าย", "last_reported_at": "2026-09-30T09:40:00+07:00", "attribution": "rayongall.com (crowd-sourced, unverified)", "source_url": "https://74.rayongall.com/ry/flood-map/"}}, {"type": "Feature", "id": "web-rayongall-814", "geometry": {"type": "Polygon", "coordinates": [[[101.282136, 12.712895], [101.281651, 12.712865], [101.281575, 12.712939], [101.281605, 12.713161], [101.281924, 12.713709], [101.281954, 12.713976], [101.281681, 12.714819], [101.28159, 12.71553], [101.281362, 12.716284], [101.281377, 12.716492], [101.281559, 12.716773], [101.281696, 12.716862], [101.282166, 12.71695], [101.283471, 12.71698], [101.28423, 12.716773], [101.284306, 12.716654], [101.28426, 12.716181], [101.283669, 12.716062], [101.283077, 12.716107], [101.282925, 12.7159], [101.283153, 12.71516], [101.283046, 12.714079], [101.283122, 12.713457], [101.283077, 12.712895], [101.282591, 12.712703], [101.282227, 12.712717], [101.281742, 12.712865], [101.282136, 12.712895]]]}, "properties": {"layer": "web_unverified", "web_id": "814", "title": "หมู่บ้านนาราทรัพย์", "depth_cm": 50, "severity": "severe", "passability": "unknown", "site_level": "severe", "district": "เมืองระยอง", "last_reported_at": "2026-09-30T09:22:53+07:00", "attribution": "rayongall.com (crowd-sourced, unverified)", "source_url": "https://74.rayongall.com/ry/flood-map/"}}, {"type": "Feature", "id": "web-rayongall-2476", "geometry": {"type": "LineString", "coordinates": [[101.226209, 12.706442], [101.22586, 12.706634], [101.224843, 12.707448], [101.224009, 12.707803], [101.222795, 12.707966], [101.222021, 12.707759], [101.220792, 12.707774], [101.219942, 12.707996], [101.219199, 12.70841], [101.218577, 12.708662], [101.217318, 12.708914], [101.216453, 12.709298]]}, "properties": {"layer": "web_unverified", "web_id": "2476", "title": "ซอยตลาดหนองโพรง", "depth_cm": 90, "severity": "severe", "passability": "impassable", "site_level": "severe", "district": "เมืองระยอง", "last_reported_at": "2026-09-30T09:07:20+07:00", "attribution": "rayongall.com (crowd-sourced, unverified)", "source_url": "https://74.rayongall.com/ry/flood-map/"}}, {"type": "Feature", "id": "web-rayongall-2755", "geometry": {"type": "Polygon", "coordinates": [[[101.28426, 12.743353], [101.283562, 12.743294], [101.278221, 12.744389], [101.276461, 12.744626], [101.275551, 12.744952], [101.275278, 12.745307], [101.27549, 12.745455], [101.276401, 12.745485], [101.278464, 12.744981], [101.282075, 12.744478], [101.28511, 12.743649], [101.28511, 12.743176], [101.285019, 12.742998], [101.284746, 12.742939], [101.28426, 12.743353]]]}, "properties": {"layer": "web_unverified", "web_id": "2755", "title": "ถนนหนองตะพานจะแยกไฟแดงมังคุด", "depth_cm": 90, "severity": "severe", "passability": "unknown", "site_level": "severe", "district": "บ้านค่าย", "last_reported_at": "2026-09-30T08:01:47+07:00", "attribution": "rayongall.com (crowd-sourced, unverified)", "source_url": "https://74.rayongall.com/ry/flood-map/"}}, {"type": "Feature", "id": "web-rayongall-2816", "geometry": {"type": "Polygon", "coordinates": [[[101.2829, 12.699046], [101.282997, 12.699355], [101.283554, 12.699245], [101.283667, 12.699182], [101.283624, 12.699046], [101.28364, 12.698826], [101.283603, 12.698805], [101.283426, 12.698831], [101.283249, 12.698899], [101.283029, 12.69892], [101.282868, 12.699004], [101.2829, 12.699046]]]}, "properties": {"layer": "web_unverified", "web_id": "2816", "title": "เดอะเรียลเฮ้าส์ (The Real House)", "depth_cm": 90, "severity": "severe", "passability": "impassable", "site_level": "severe", "district": "เมืองระยอง", "last_reported_at": "2026-09-30T07:53:00+07:00", "attribution": "rayongall.com (crowd-sourced, unverified)", "source_url": "https://74.rayongall.com/ry/flood-map/"}}, {"type": "Feature", "id": "web-rayongall-2804", "geometry": {"type": "LineString", "coordinates": [[101.282151, 12.682137], [101.283684, 12.683588], [101.284867, 12.684565]]}, "properties": {"layer": "web_unverified", "web_id": "2804", "title": "ซอยข้างธนาคารกรุงเทพ ไปวงเวียนสุนทรภู่", "depth_cm": null, "severity": "unknown", "passability": "unknown", "site_level": "severe", "district": "เมืองระยอง", "last_reported_at": "2026-09-30T07:15:16+07:00", "attribution": "rayongall.com (crowd-sourced, unverified)", "source_url": "https://74.rayongall.com/ry/flood-map/"}}, {"type": "Feature", "id": "web-rayongall-2802", "geometry": {"type": "Polygon", "coordinates": [[[101.263959, 12.745507], [101.263762, 12.745603], [101.263542, 12.745633], [101.26342, 12.745588], [101.263322, 12.745418], [101.26336, 12.745344], [101.263564, 12.74524], [101.263853, 12.745211], [101.264164, 12.745122], [101.264369, 12.745144], [101.264444, 12.745277], [101.264384, 12.745374], [101.263762, 12.74567], [101.263959, 12.745507]]]}, "properties": {"layer": "web_unverified", "web_id": "2802", "title": "ซอยสวนมังคุด", "depth_cm": 30, "severity": "moderate", "passability": "all_vehicles", "site_level": "severe", "district": "บ้านค่าย", "last_reported_at": "2026-09-30T07:13:00+07:00", "attribution": "rayongall.com (crowd-sourced, unverified)", "source_url": "https://74.rayongall.com/ry/flood-map/"}}, {"type": "Feature", "id": "web-rayongall-2544", "geometry": {"type": "Polygon", "coordinates": [[[101.327484, 12.705237], [101.327226, 12.705341], [101.326239, 12.705341], [101.32596, 12.705237], [101.325424, 12.70463], [101.324866, 12.703792], [101.32463, 12.703248], [101.324372, 12.70216], [101.32375, 12.700652], [101.323621, 12.699103], [101.323621, 12.698706], [101.323771, 12.698413], [101.324415, 12.697659], [101.32463, 12.697554], [101.325359, 12.697512], [101.325831, 12.69768], [101.326432, 12.698601], [101.326711, 12.69925], [101.327226, 12.700862], [101.327956, 12.704211], [101.327934, 12.70509], [101.327484, 12.705341], [101.327484, 12.705237]]]}, "properties": {"layer": "web_unverified", "web_id": "2544", "title": "หน้าวัดนาตาขวัญถึงสามแยกนาตาขวัญ", "depth_cm": 90, "severity": "severe", "passability": "unknown", "site_level": "severe", "district": "เมืองระยอง", "last_reported_at": "2026-09-30T07:01:17+07:00", "attribution": "rayongall.com (crowd-sourced, unverified)", "source_url": "https://74.rayongall.com/ry/flood-map/"}}, {"type": "Feature", "id": "web-rayongall-2040", "geometry": {"type": "Polygon", "coordinates": [[[101.294585, 12.697561], [101.294487, 12.697613], [101.294418, 12.697531], [101.294411, 12.69725], [101.294532, 12.69722], [101.294601, 12.697257], [101.294661, 12.697376], [101.294654, 12.697583], [101.294585, 12.697561]]]}, "properties": {"layer": "web_unverified", "web_id": "2040", "title": "อู่ช่างต้อย ซอยพัฒนประเสริฐ24", "depth_cm": 90, "severity": "severe", "passability": "unknown", "site_level": "severe", "district": "เมืองระยอง", "last_reported_at": "2026-09-30T06:53:19+07:00", "attribution": "rayongall.com (crowd-sourced, unverified)", "source_url": "https://74.rayongall.com/ry/flood-map/"}}, {"type": "Feature", "id": "web-rayongall-2768", "geometry": {"type": "LineString", "coordinates": [[101.274603, 12.687621], [101.274709, 12.687288], [101.274777, 12.686652], [101.274891, 12.686296], [101.274944, 12.685971], [101.275293, 12.685009]]}, "properties": {"layer": "web_unverified", "web_id": "2768", "title": "แยกซูซูกิ", "depth_cm": null, "severity": "unknown", "passability": "impassable", "site_level": "severe", "district": "เมืองระยอง", "last_reported_at": "2026-09-30T06:46:24+07:00", "attribution": "rayongall.com (crowd-sourced, unverified)", "source_url": "https://74.rayongall.com/ry/flood-map/"}}, {"type": "Feature", "id": "web-rayongall-2798", "geometry": {"type": "Polygon", "coordinates": [[[101.292969, 12.689568], [101.292089, 12.690456], [101.291513, 12.690456], [101.290906, 12.689568], [101.289601, 12.688176], [101.289662, 12.687673], [101.290299, 12.686815], [101.290754, 12.686459], [101.290815, 12.685926], [101.29124, 12.68566], [101.291816, 12.685956], [101.292454, 12.686607], [101.292575, 12.686903], [101.292969, 12.689568]]]}, "properties": {"layer": "web_unverified", "web_id": "2798", "title": "ถนนริมคลองหน้าฉือหมิง", "depth_cm": 120, "severity": "severe", "passability": "impassable", "site_level": "severe", "district": "เมืองระยอง", "last_reported_at": "2026-09-30T06:39:30+07:00", "attribution": "rayongall.com (crowd-sourced, unverified)", "source_url": "https://74.rayongall.com/ry/flood-map/"}}, {"type": "Feature", "id": "web-rayongall-2794", "geometry": {"type": "Polygon", "coordinates": [[[101.27777, 12.686026], [101.277899, 12.686263], [101.277998, 12.686544], [101.278108, 12.687048], [101.278096, 12.687114], [101.278062, 12.687144], [101.277899, 12.687188], [101.277736, 12.687177], [101.277626, 12.68714], [101.27758, 12.68704], [101.277573, 12.686892], [101.277448, 12.686896], [101.277417, 12.686874], [101.277436, 12.686818], [101.277561, 12.686792], [101.277417, 12.686356], [101.277414, 12.686134], [101.277429, 12.686078], [101.277451, 12.686071], [101.277493, 12.686115], [101.277527, 12.686208], [101.277622, 12.686607], [101.277664, 12.686933], [101.277706, 12.687048], [101.277751, 12.687096], [101.277808, 12.687114], [101.27799, 12.68704], [101.277964, 12.686852], [101.277816, 12.686596], [101.277687, 12.686115], [101.277706, 12.686071], [101.277732, 12.686063], [101.277774, 12.686074], [101.277823, 12.686137], [101.27777, 12.686026]]]}, "properties": {"layer": "web_unverified", "web_id": "2794", "title": "ซ.5 ถ.หลังวัดป่าประดู่", "depth_cm": 90, "severity": "severe", "passability": "impassable", "site_level": "severe", "district": "เมืองระยอง", "last_reported_at": "2026-09-30T03:29:35+07:00", "attribution": "rayongall.com (crowd-sourced, unverified)", "source_url": "https://74.rayongall.com/ry/flood-map/"}}, {"type": "Feature", "id": "web-rayongall-2793", "geometry": {"type": "Polygon", "coordinates": [[[101.281825, 12.684949], [101.281719, 12.684994], [101.281696, 12.685245], [101.281863, 12.686067], [101.281939, 12.686237], [101.28203, 12.686289], [101.2825, 12.686296], [101.282917, 12.686089], [101.283638, 12.685971], [101.283805, 12.68583], [101.283813, 12.685764], [101.283547, 12.68569], [101.283062, 12.68569], [101.282106, 12.685778], [101.282022, 12.685667], [101.282, 12.68526], [101.281893, 12.684964], [101.281825, 12.684949]]]}, "properties": {"layer": "web_unverified", "web_id": "2793", "title": "แถวคอนโดทริปเปิ้ลที", "depth_cm": null, "severity": "unknown", "passability": "unknown", "site_level": "severe", "district": "เมืองระยอง", "last_reported_at": "2026-09-30T03:08:00+07:00", "attribution": "rayongall.com (crowd-sourced, unverified)", "source_url": "https://74.rayongall.com/ry/flood-map/"}}, {"type": "Feature", "id": "web-rayongall-2791", "geometry": {"type": "Polygon", "coordinates": [[[101.286589, 12.762529], [101.286661, 12.762518], [101.286673, 12.762495], [101.286677, 12.7618], [101.286635, 12.761352], [101.286585, 12.761123], [101.286582, 12.760871], [101.286513, 12.760853], [101.286589, 12.762529]]]}, "properties": {"layer": "web_unverified", "web_id": "2791", "title": "ซอย หลังหมู่บ้านบูรพาวิลล่า", "depth_cm": 50, "severity": "severe", "passability": "impassable", "site_level": "severe", "district": "บ้านค่าย", "last_reported_at": "2026-09-30T02:28:00+07:00", "attribution": "rayongall.com (crowd-sourced, unverified)", "source_url": "https://74.rayongall.com/ry/flood-map/"}}, {"type": "Feature", "id": "web-rayongall-304", "geometry": {"type": "Polygon", "coordinates": [[[101.293303, 12.785039], [101.293, 12.785143], [101.292863, 12.785276], [101.292696, 12.785527], [101.292575, 12.785971], [101.292757, 12.786282], [101.293136, 12.786519], [101.293364, 12.786548], [101.293652, 12.786312], [101.293758, 12.785883], [101.293713, 12.785661], [101.29344, 12.785172], [101.293167, 12.785069], [101.293303, 12.785039]]]}, "properties": {"layer": "web_unverified", "web_id": "304", "title": "ซอยเทศบาล8 (โขดคลอง)", "depth_cm": 120, "severity": "severe", "passability": "unknown", "site_level": "severe", "district": "บ้านค่าย", "last_reported_at": "2026-09-30T02:13:52+07:00", "attribution": "rayongall.com (crowd-sourced, unverified)", "source_url": "https://74.rayongall.com/ry/flood-map/"}}, {"type": "Feature", "id": "web-rayongall-847", "geometry": {"type": "Polygon", "coordinates": [[[101.287648, 12.788246], [101.287568, 12.788183], [101.287488, 12.788084], [101.28745, 12.787976], [101.287454, 12.787888], [101.288228, 12.787847], [101.288475, 12.787899], [101.288528, 12.787921], [101.288566, 12.787962], [101.288569, 12.788072], [101.288539, 12.788232], [101.28849, 12.788265], [101.288122, 12.788324], [101.287852, 12.788324], [101.287731, 12.788302], [101.287598, 12.788243], [101.287648, 12.788246]]]}, "properties": {"layer": "web_unverified", "web_id": "847", "title": "โครดคลอง", "depth_cm": 50, "severity": "severe", "passability": "unknown", "site_level": "severe", "district": "บ้านค่าย", "last_reported_at": "2026-09-30T02:13:45+07:00", "attribution": "rayongall.com (crowd-sourced, unverified)", "source_url": "https://74.rayongall.com/ry/flood-map/"}}, {"type": "Feature", "id": "web-rayongall-2784", "geometry": {"type": "LineString", "coordinates": [[101.311938, 12.713159], [101.311777, 12.712751], [101.31168, 12.71227], [101.311187, 12.712416], [101.310511, 12.712385], [101.310457, 12.712437]]}, "properties": {"layer": "web_unverified", "web_id": "2784", "title": "ซอยฟนองบัวแดง", "depth_cm": 90, "severity": "severe", "passability": "impassable", "site_level": "severe", "district": "บ้านค่าย", "last_reported_at": "2026-09-30T01:02:33+07:00", "attribution": "rayongall.com (crowd-sourced, unverified)", "source_url": "https://74.rayongall.com/ry/flood-map/"}}, {"type": "Feature", "id": "web-rayongall-2787", "geometry": {"type": "Polygon", "coordinates": [[[101.29608, 12.684091], [101.295989, 12.684113], [101.295868, 12.684061], [101.295617, 12.683787], [101.295488, 12.683565], [101.295412, 12.683269], [101.295435, 12.683136], [101.295534, 12.682958], [101.295693, 12.682944], [101.295898, 12.683018], [101.296103, 12.683277], [101.296216, 12.683506], [101.296308, 12.683832], [101.296308, 12.684032], [101.296194, 12.684135], [101.296019, 12.684106], [101.295943, 12.684054], [101.29608, 12.684091]]]}, "properties": {"layer": "web_unverified", "web_id": "2787", "title": "หลังหมู่บ้านอัตลักษณ์", "depth_cm": 50, "severity": "severe", "passability": "impassable", "site_level": "severe", "district": "เมืองระยอง", "last_reported_at": "2026-09-30T00:59:00+07:00", "attribution": "rayongall.com (crowd-sourced, unverified)", "source_url": "https://74.rayongall.com/ry/flood-map/"}}, {"type": "Feature", "id": "web-rayongall-2786", "geometry": {"type": "Polygon", "coordinates": [[[101.304685, 12.714871], [101.304406, 12.714311], [101.304272, 12.713866], [101.304261, 12.713672], [101.304299, 12.713599], [101.304347, 12.713573], [101.304567, 12.713667], [101.304798, 12.713918], [101.305114, 12.714525], [101.305103, 12.714656], [101.305012, 12.714886], [101.304932, 12.714907], [101.304696, 12.714876], [101.304685, 12.714871]]]}, "properties": {"layer": "web_unverified", "web_id": "2786", "title": "ฝั่งตรงข้ามซ.หมู่บ้านทรัพย์ธานี", "depth_cm": 50, "severity": "severe", "passability": "impassable", "site_level": "severe", "district": "บ้านค่าย", "last_reported_at": "2026-09-30T00:54:00+07:00", "attribution": "rayongall.com (crowd-sourced, unverified)", "source_url": "https://74.rayongall.com/ry/flood-map/"}}, {"type": "Feature", "id": "web-rayongall-2785", "geometry": {"type": "Polygon", "coordinates": [[[101.271105, 12.694934], [101.270832, 12.694808], [101.270529, 12.6948], [101.270423, 12.69486], [101.270339, 12.694978], [101.270278, 12.695178], [101.270241, 12.695459], [101.270241, 12.696058], [101.270385, 12.696532], [101.270468, 12.696665], [101.270643, 12.696806], [101.270863, 12.696828], [101.270969, 12.696799], [101.271083, 12.696695], [101.27125, 12.696347], [101.271318, 12.695896], [101.271303, 12.695037], [101.271105, 12.694934]]]}, "properties": {"layer": "web_unverified", "web_id": "2785", "title": "ซอยบูรพาแคมป์", "depth_cm": 50, "severity": "severe", "passability": "unknown", "site_level": "severe", "district": "เมืองระยอง", "last_reported_at": "2026-09-30T00:45:00+07:00", "attribution": "rayongall.com (crowd-sourced, unverified)", "source_url": "https://74.rayongall.com/ry/flood-map/"}}, {"type": "Feature", "id": "web-rayongall-2083", "geometry": {"type": "Polygon", "coordinates": [[[101.310028, 12.678384], [101.309803, 12.678405], [101.309529, 12.678248], [101.309406, 12.678076], [101.3094, 12.677819], [101.309604, 12.67729], [101.309856, 12.676893], [101.310049, 12.676715], [101.310221, 12.676647], [101.310366, 12.676636], [101.31057, 12.676751], [101.310752, 12.676966], [101.3108, 12.677092], [101.310811, 12.677322], [101.310634, 12.677693], [101.310296, 12.678222], [101.310205, 12.678311], [101.309969, 12.678416], [101.30999, 12.678431], [101.310028, 12.678384]]]}, "properties": {"layer": "web_unverified", "web_id": "2083", "title": "หมู่บ้านThe deco8", "depth_cm": 50, "severity": "severe", "passability": "unknown", "site_level": "severe", "district": "เมืองระยอง", "last_reported_at": "2026-09-30T00:33:50+07:00", "attribution": "rayongall.com (crowd-sourced, unverified)", "source_url": "https://74.rayongall.com/ry/flood-map/"}}, {"type": "Feature", "id": "web-rayongall-2781", "geometry": {"type": "Polygon", "coordinates": [[[101.346334, 12.68601], [101.346023, 12.686031], [101.345787, 12.685947], [101.346334, 12.68601]]]}, "properties": {"layer": "web_unverified", "web_id": "2781", "title": "หมู่บ้านกิงเงิน", "depth_cm": null, "severity": "unknown", "passability": "unknown", "site_level": "severe", "district": "เมืองระยอง", "last_reported_at": "2026-09-29T23:50:00+07:00", "attribution": "rayongall.com (crowd-sourced, unverified)", "source_url": "https://74.rayongall.com/ry/flood-map/"}}, {"type": "Feature", "id": "web-rayongall-2775", "geometry": {"type": "Polygon", "coordinates": [[[101.307232, 12.694068], [101.307262, 12.694245], [101.307429, 12.694208], [101.307551, 12.69409], [101.307626, 12.693883], [101.30746, 12.693897], [101.307293, 12.694001], [101.307202, 12.694171], [101.307338, 12.694171], [101.307232, 12.694068]]]}, "properties": {"layer": "web_unverified", "web_id": "2775", "title": "ถ.พัฒนประเสริฐ", "depth_cm": 50, "severity": "severe", "passability": "unknown", "site_level": "severe", "district": "เมืองระยอง", "last_reported_at": "2026-09-29T23:15:00+07:00", "attribution": "rayongall.com (crowd-sourced, unverified)", "source_url": "https://74.rayongall.com/ry/flood-map/"}}, {"type": "Feature", "id": "web-rayongall-2773", "geometry": {"type": "Polygon", "coordinates": [[[101.304983, 12.714209], [101.304801, 12.713905], [101.304706, 12.713787], [101.304581, 12.713546], [101.304417, 12.713339], [101.304338, 12.713176], [101.304361, 12.713147], [101.304429, 12.713147], [101.304543, 12.713272], [101.304679, 12.71345], [101.304763, 12.713605], [101.304948, 12.713835], [101.305009, 12.713957], [101.305036, 12.714135], [101.305036, 12.714179], [101.304994, 12.714209], [101.304983, 12.714209]]]}, "properties": {"layer": "web_unverified", "web_id": "2773", "title": "หน้าปตท.ตาขัน ทางเข้าหมู่บ้านทรัพย์ธานี", "depth_cm": 50, "severity": "severe", "passability": "unknown", "site_level": "severe", "district": "บ้านค่าย", "last_reported_at": "2026-09-29T23:08:00+07:00", "attribution": "rayongall.com (crowd-sourced, unverified)", "source_url": "https://74.rayongall.com/ry/flood-map/"}}, {"type": "Feature", "id": "web-rayongall-2703", "geometry": {"type": "Polygon", "coordinates": [[[101.28474, 12.680514], [101.28547, 12.680933], [101.285877, 12.681111], [101.286339, 12.681477], [101.286854, 12.682116], [101.287283, 12.682398], [101.287647, 12.682796], [101.287776, 12.682828], [101.287851, 12.682587], [101.287851, 12.682189], [101.287701, 12.68176], [101.287433, 12.681436], [101.286703, 12.68108], [101.285684, 12.68041], [101.285394, 12.680284], [101.285008, 12.680305], [101.284837, 12.680514], [101.28474, 12.680514]]]}, "properties": {"layer": "web_unverified", "web_id": "2703", "title": "เกาะหวาย ซอยข้างธัญรส ตรงข้ามราม่า", "depth_cm": 70, "severity": "severe", "passability": "unknown", "site_level": "severe", "district": "เมืองระยอง", "last_reported_at": "2026-09-29T22:57:18+07:00", "attribution": "rayongall.com (crowd-sourced, unverified)", "source_url": "https://74.rayongall.com/ry/flood-map/"}}, {"type": "Feature", "id": "web-rayongall-2770", "geometry": {"type": "Polygon", "coordinates": [[[101.294096, 12.697612], [101.294004, 12.697821], [101.293817, 12.698046], [101.293597, 12.698156], [101.293243, 12.698203], [101.29313, 12.698167], [101.293023, 12.698072], [101.292905, 12.69791], [101.292883, 12.697826], [101.292889, 12.697596], [101.292969, 12.697408], [101.293039, 12.697324], [101.293178, 12.69723], [101.293656, 12.697036], [101.293838, 12.69701], [101.293999, 12.697047], [101.29409, 12.69713], [101.294117, 12.697193], [101.294122, 12.697324], [101.294079, 12.697591], [101.293988, 12.697753], [101.294096, 12.697612]]]}, "properties": {"layer": "web_unverified", "web_id": "2770", "title": "ซอย cj บ้านดอน", "depth_cm": 120, "severity": "severe", "passability": "unknown", "site_level": "severe", "district": "เมืองระยอง", "last_reported_at": "2026-09-29T22:54:00+07:00", "attribution": "rayongall.com (crowd-sourced, unverified)", "source_url": "https://74.rayongall.com/ry/flood-map/"}}, {"type": "Feature", "id": "web-rayongall-2344", "geometry": {"type": "Polygon", "coordinates": [[[101.28772, 12.706693], [101.287598, 12.706605], [101.287158, 12.706545], [101.285823, 12.706161], [101.285808, 12.705746], [101.286384, 12.704962], [101.286824, 12.704917], [101.287447, 12.70508], [101.287902, 12.704503], [101.288493, 12.704444], [101.289525, 12.705065], [101.289662, 12.705598], [101.290011, 12.705983], [101.28998, 12.706975], [101.288084, 12.706901], [101.287689, 12.706634], [101.28772, 12.706693]]]}, "properties": {"layer": "web_unverified", "web_id": "2344", "title": "มัสยิดนูรุ้ลอิสลาม", "depth_cm": 50, "severity": "severe", "passability": "unknown", "site_level": "severe", "district": "เมืองระยอง", "last_reported_at": "2026-09-29T22:53:27+07:00", "attribution": "rayongall.com (crowd-sourced, unverified)", "source_url": "https://74.rayongall.com/ry/flood-map/"}}, {"type": "Feature", "id": "web-rayongall-1662", "geometry": {"type": "Polygon", "coordinates": [[[101.318471, 12.709836], [101.318509, 12.709957], [101.318509, 12.710208], [101.318455, 12.710255], [101.317989, 12.710402], [101.317635, 12.710412], [101.317474, 12.710344], [101.317372, 12.710208], [101.317313, 12.70991], [101.317307, 12.7097], [101.317377, 12.709449], [101.317495, 12.709324], [101.317774, 12.709208], [101.317962, 12.709198], [101.318053, 12.709219], [101.318294, 12.709329], [101.318557, 12.709617], [101.318589, 12.709727], [101.318589, 12.709978], [101.318541, 12.710124], [101.318471, 12.709836]]]}, "properties": {"layer": "web_unverified", "web_id": "1662", "title": "บ้านฉัน", "depth_cm": 120, "severity": "severe", "passability": "impassable", "site_level": "severe", "district": "บ้านค่าย", "last_reported_at": "2026-09-29T22:37:33+07:00", "attribution": "rayongall.com (crowd-sourced, unverified)", "source_url": "https://74.rayongall.com/ry/flood-map/"}}, {"type": "Feature", "id": "web-rayongall-2767", "geometry": {"type": "LineString", "coordinates": [[101.26892, 12.687111], [101.269057, 12.68717], [101.270635, 12.687111], [101.272334, 12.687214], [101.272896, 12.687273], [101.273351, 12.687407]]}, "properties": {"layer": "web_unverified", "web_id": "2767", "title": "เส้นไฟแดงจันทอุดม", "depth_cm": null, "severity": "unknown", "passability": "impassable", "site_level": "severe", "district": "เมืองระยอง", "last_reported_at": "2026-09-29T22:36:00+07:00", "attribution": "rayongall.com (crowd-sourced, unverified)", "source_url": "https://74.rayongall.com/ry/flood-map/"}}, {"type": "Feature", "id": "web-rayongall-2766", "geometry": {"type": "Polygon", "coordinates": [[[101.267054, 12.685305], [101.266569, 12.685334], [101.265673, 12.684801], [101.265643, 12.684091], [101.265719, 12.683987], [101.266751, 12.683736], [101.267434, 12.683765], [101.268526, 12.684683], [101.26886, 12.685349], [101.26889, 12.685704], [101.268663, 12.685764], [101.268162, 12.685734], [101.266675, 12.685364], [101.267054, 12.685305]]]}, "properties": {"layer": "web_unverified", "web_id": "2766", "title": "ซอยแนนซี่", "depth_cm": null, "severity": "unknown", "passability": "impassable", "site_level": "severe", "district": "เมืองระยอง", "last_reported_at": "2026-09-29T22:35:00+07:00", "attribution": "rayongall.com (crowd-sourced, unverified)", "source_url": "https://74.rayongall.com/ry/flood-map/"}}, {"type": "Feature", "id": "web-rayongall-2765", "geometry": {"type": "LineString", "coordinates": [[101.265757, 12.686415], [101.266842, 12.687014], [101.267145, 12.687037], [101.267434, 12.686911], [101.267904, 12.686422], [101.268109, 12.686134]]}, "properties": {"layer": "web_unverified", "web_id": "2765", "title": "ซอยแนนซี่", "depth_cm": null, "severity": "unknown", "passability": "impassable", "site_level": "severe", "district": "เมืองระยอง", "last_reported_at": "2026-09-29T22:34:24+07:00", "attribution": "rayongall.com (crowd-sourced, unverified)", "source_url": "https://74.rayongall.com/ry/flood-map/"}}, {"type": "Feature", "id": "web-rayongall-2762", "geometry": {"type": "Point", "coordinates": [101.295793, 12.697137]}, "properties": {"layer": "web_unverified", "web_id": "2762", "title": "ท้ายซอยพัฒนประเสริฐ 24", "depth_cm": 90, "severity": "severe", "passability": "impassable", "site_level": "severe", "district": "เมืองระยอง", "last_reported_at": "2026-09-29T22:28:27+07:00", "attribution": "rayongall.com (crowd-sourced, unverified)", "source_url": "https://74.rayongall.com/ry/flood-map/"}}, {"type": "Feature", "id": "web-rayongall-1403", "geometry": {"type": "Polygon", "coordinates": [[[101.283377, 12.708471], [101.283088, 12.708512], [101.282476, 12.708868], [101.28224, 12.709277], [101.282036, 12.709894], [101.281961, 12.710302], [101.281854, 12.711642], [101.282283, 12.712176], [101.282508, 12.71227], [101.28342, 12.71227], [101.283592, 12.712207], [101.283882, 12.711914], [101.284118, 12.711474], [101.284225, 12.710689], [101.284225, 12.709988], [101.28415, 12.709413], [101.283828, 12.708544], [101.283517, 12.708397], [101.283377, 12.708471]]]}, "properties": {"layer": "web_unverified", "web_id": "1403", "title": "ซอย 7", "depth_cm": 120, "severity": "severe", "passability": "impassable", "site_level": "severe", "district": "เมืองระยอง", "last_reported_at": "2026-09-29T22:17:30+07:00", "attribution": "rayongall.com (crowd-sourced, unverified)", "source_url": "https://74.rayongall.com/ry/flood-map/"}}, {"type": "Feature", "id": "web-rayongall-2745", "geometry": {"type": "Polygon", "coordinates": [[[101.285357, 12.684809], [101.285236, 12.684811], [101.285185, 12.684782], [101.285129, 12.684675], [101.285124, 12.684625], [101.285142, 12.684594], [101.285263, 12.684557], [101.285338, 12.684552], [101.285394, 12.68461], [101.285408, 12.684644], [101.285408, 12.684706], [101.285392, 12.684769], [101.285357, 12.684811], [101.285287, 12.684811], [101.285357, 12.684809]]]}, "properties": {"layer": "web_unverified", "web_id": "2745", "title": "พพ", "depth_cm": 50, "severity": "severe", "passability": "unknown", "site_level": "severe", "district": "เมืองระยอง", "last_reported_at": "2026-09-29T21:42:00+07:00", "attribution": "rayongall.com (crowd-sourced, unverified)", "source_url": "https://74.rayongall.com/ry/flood-map/"}}, {"type": "Feature", "id": "web-rayongall-2744", "geometry": {"type": "Polygon", "coordinates": [[[101.283152, 12.749552], [101.283125, 12.749729], [101.283152, 12.750138], [101.2832, 12.750363], [101.283265, 12.750509], [101.283356, 12.750645], [101.283587, 12.750823], [101.283796, 12.750818], [101.283908, 12.750687], [101.283925, 12.750446], [101.283908, 12.750017], [101.28386, 12.749693], [101.283876, 12.749426], [101.28378, 12.749164], [101.283694, 12.749128], [101.283554, 12.749112], [101.283469, 12.749133], [101.283324, 12.749227], [101.283222, 12.74941], [101.283174, 12.749604], [101.2832, 12.749824], [101.283152, 12.749552]]]}, "properties": {"layer": "web_unverified", "web_id": "2744", "title": "หมู่บ้านอัตตา", "depth_cm": 90, "severity": "severe", "passability": "impassable", "site_level": "severe", "district": "บ้านค่าย", "last_reported_at": "2026-09-29T21:40:00+07:00", "attribution": "rayongall.com (crowd-sourced, unverified)", "source_url": "https://74.rayongall.com/ry/flood-map/"}}, {"type": "Feature", "id": "web-rayongall-2742", "geometry": {"type": "Polygon", "coordinates": [[[101.314898, 12.69547], [101.314966, 12.695074], [101.314982, 12.694745], [101.315004, 12.69466], [101.315, 12.69453], [101.31494, 12.694489], [101.314811, 12.694452], [101.314731, 12.694397], [101.314731, 12.694219], [101.314693, 12.694179], [101.314602, 12.694153], [101.314238, 12.694153], [101.314117, 12.69419], [101.314045, 12.694264], [101.313991, 12.694367], [101.31395, 12.694512], [101.313931, 12.694682], [101.313931, 12.694911], [101.313957, 12.695093], [101.31406, 12.695366], [101.314128, 12.69547], [101.314238, 12.695559], [101.314466, 12.695603], [101.314557, 12.6956], [101.314659, 12.695563], [101.314849, 12.695422], [101.314883, 12.695415], [101.314898, 12.69547]]]}, "properties": {"layer": "web_unverified", "web_id": "2742", "title": "หมู่บ้านนวพร2 ม.6ตำบลเชิงเนิน อำเเมือง จังหวัดระยอง", "depth_cm": 50, "severity": "severe", "passability": "unknown", "site_level": "severe", "district": "เมืองระยอง", "last_reported_at": "2026-09-29T21:35:00+07:00", "attribution": "rayongall.com (crowd-sourced, unverified)", "source_url": "https://74.rayongall.com/ry/flood-map/"}}, {"type": "Feature", "id": "web-rayongall-2736", "geometry": {"type": "Polygon", "coordinates": [[[101.310418, 12.688698], [101.31038, 12.688717], [101.310301, 12.688706], [101.310232, 12.688646], [101.310225, 12.688587], [101.310297, 12.688391], [101.310358, 12.688332], [101.310445, 12.688313], [101.310634, 12.688398], [101.310672, 12.68845], [101.310669, 12.688524], [101.310513, 12.688728], [101.310361, 12.688739], [101.310418, 12.688698]]]}, "properties": {"layer": "web_unverified", "web_id": "2736", "title": "อัมฤทธิ์พัฒนา", "depth_cm": 90, "severity": "severe", "passability": "unknown", "site_level": "severe", "district": "เมืองระยอง", "last_reported_at": "2026-09-29T21:22:15+07:00", "attribution": "rayongall.com (crowd-sourced, unverified)", "source_url": "https://74.rayongall.com/ry/flood-map/"}}, {"type": "Feature", "id": "web-rayongall-2735", "geometry": {"type": "Polygon", "coordinates": [[[101.280334, 12.718179], [101.280239, 12.718183], [101.279754, 12.718109], [101.279576, 12.717972], [101.279523, 12.717861], [101.279466, 12.717554], [101.279466, 12.717409], [101.279519, 12.717335], [101.279739, 12.717269], [101.280114, 12.717246], [101.280467, 12.717361], [101.280592, 12.717431], [101.280683, 12.717509], [101.280733, 12.717631], [101.280717, 12.717857], [101.280679, 12.717924], [101.280596, 12.718031], [101.280482, 12.718116], [101.280391, 12.71816], [101.280255, 12.718197], [101.280334, 12.718179]]]}, "properties": {"layer": "web_unverified", "web_id": "2735", "title": "ซอยป่ายาง ทางเข้าวัดน้ำคอกเก่า", "depth_cm": 90, "severity": "severe", "passability": "impassable", "site_level": "severe", "district": "เมืองระยอง", "last_reported_at": "2026-09-29T21:20:00+07:00", "attribution": "rayongall.com (crowd-sourced, unverified)", "source_url": "https://74.rayongall.com/ry/flood-map/"}}, {"type": "Feature", "id": "web-rayongall-2730", "geometry": {"type": "Polygon", "coordinates": [[[101.266645, 12.690071], [101.265689, 12.691196], [101.265552, 12.691462], [101.265673, 12.691699], [101.266053, 12.692025], [101.26713, 12.692351], [101.267312, 12.692247], [101.26754, 12.691936], [101.26804, 12.691092], [101.268101, 12.690737], [101.268268, 12.690678], [101.268829, 12.690811], [101.26889, 12.690796], [101.26886, 12.690708], [101.268556, 12.690411], [101.268086, 12.690219], [101.267312, 12.68976], [101.26672, 12.689745], [101.266311, 12.689612], [101.266083, 12.68942], [101.265537, 12.68868], [101.265294, 12.688576], [101.265309, 12.688783], [101.265643, 12.689272], [101.265931, 12.689523], [101.266569, 12.68979], [101.266751, 12.689967], [101.266736, 12.690101], [101.266645, 12.690071]]]}, "properties": {"layer": "web_unverified", "web_id": "2730", "title": "หมู่บ้านศักดิ์ทิพย์ 1", "depth_cm": 90, "severity": "severe", "passability": "impassable", "site_level": "severe", "district": "เมืองระยอง", "last_reported_at": "2026-09-29T21:08:28+07:00", "attribution": "rayongall.com (crowd-sourced, unverified)", "source_url": "https://74.rayongall.com/ry/flood-map/"}}, {"type": "Feature", "id": "web-rayongall-2722", "geometry": {"type": "Polygon", "coordinates": [[[101.24893, 12.689257], [101.24871, 12.68865], [101.248665, 12.68828], [101.248733, 12.687939], [101.248786, 12.68788], [101.248915, 12.687858], [101.249059, 12.68791], [101.249181, 12.688132], [101.249241, 12.688583], [101.24937, 12.688939], [101.249385, 12.689131], [101.249325, 12.689249], [101.249135, 12.689353], [101.248983, 12.689324], [101.248862, 12.689183], [101.24893, 12.689257]]]}, "properties": {"layer": "web_unverified", "web_id": "2722", "title": "ซอยยายบัว", "depth_cm": null, "severity": "unknown", "passability": "impassable", "site_level": "severe", "district": "เมืองระยอง", "last_reported_at": "2026-09-29T20:46:41+07:00", "attribution": "rayongall.com (crowd-sourced, unverified)", "source_url": "https://74.rayongall.com/ry/flood-map/"}}, {"type": "Feature", "id": "web-rayongall-2720", "geometry": {"type": "Polygon", "coordinates": [[[101.270639, 12.709406], [101.270552, 12.709369], [101.270388, 12.70925], [101.270222, 12.709165], [101.269998, 12.709099], [101.269709, 12.708976], [101.26952, 12.708928], [101.268955, 12.708721], [101.268784, 12.708647], [101.268757, 12.708629], [101.268757, 12.708603], [101.268864, 12.708581], [101.269258, 12.708732], [101.26977, 12.708836], [101.269983, 12.708917], [101.27032, 12.709113], [101.270544, 12.709195], [101.270692, 12.709269], [101.270783, 12.709428], [101.270639, 12.709446], [101.270639, 12.709406]]]}, "properties": {"layer": "web_unverified", "web_id": "2720", "title": "น้ำคอก ซ5", "depth_cm": 50, "severity": "severe", "passability": "impassable", "site_level": "severe", "district": "เมืองระยอง", "last_reported_at": "2026-09-29T20:38:45+07:00", "attribution": "rayongall.com (crowd-sourced, unverified)", "source_url": "https://74.rayongall.com/ry/flood-map/"}}, {"type": "Feature", "id": "web-rayongall-1048", "geometry": {"type": "Polygon", "coordinates": [[[101.313878, 12.674417], [101.313734, 12.67438], [101.313635, 12.674277], [101.31362, 12.674017], [101.313673, 12.673788], [101.313847, 12.673314], [101.314454, 12.672315], [101.314568, 12.672323], [101.314758, 12.672419], [101.3156, 12.672693], [101.315805, 12.672811], [101.316002, 12.673211], [101.315987, 12.673603], [101.315918, 12.673781], [101.315547, 12.673988], [101.314803, 12.674254], [101.314143, 12.674417], [101.313863, 12.674432], [101.313878, 12.674417]]]}, "properties": {"layer": "web_unverified", "web_id": "1048", "title": "หนองตาโพธิ์", "depth_cm": 170, "severity": "severe", "passability": "impassable", "site_level": "severe", "district": "เมืองระยอง", "last_reported_at": "2026-09-29T20:29:10+07:00", "attribution": "rayongall.com (crowd-sourced, unverified)", "source_url": "https://74.rayongall.com/ry/flood-map/"}}, {"type": "Feature", "id": "web-rayongall-2714", "geometry": {"type": "Polygon", "coordinates": [[[101.285134, 12.700914], [101.284987, 12.700922], [101.284952, 12.700901], [101.284885, 12.700715], [101.284874, 12.700563], [101.284788, 12.700503], [101.284743, 12.700443], [101.284735, 12.700351], [101.284775, 12.700297], [101.284828, 12.700297], [101.284922, 12.700399], [101.28493, 12.700404], [101.284936, 12.700391], [101.284936, 12.700351], [101.284853, 12.700276], [101.284818, 12.7002], [101.284807, 12.700066], [101.284858, 12.700024], [101.284957, 12.700043], [101.285038, 12.700087], [101.285148, 12.700344], [101.285148, 12.700456], [101.285019, 12.700537], [101.285014, 12.700553], [101.285046, 12.700681], [101.285107, 12.700802], [101.285107, 12.700904], [101.285067, 12.700945], [101.28504, 12.700945], [101.285032, 12.700932], [101.285134, 12.700914]]]}, "properties": {"layer": "web_unverified", "web_id": "2714", "title": "หมู่บ้านหัวไทร ร้านข้าวยายออย", "depth_cm": 90, "severity": "severe", "passability": "impassable", "site_level": "severe", "district": "เมืองระยอง", "last_reported_at": "2026-09-29T20:21:11+07:00", "attribution": "rayongall.com (crowd-sourced, unverified)", "source_url": "https://74.rayongall.com/ry/flood-map/"}}, {"type": "Feature", "id": "web-rayongall-2710", "geometry": {"type": "Point", "coordinates": [101.282995, 12.683774]}, "properties": {"layer": "web_unverified", "web_id": "2710", "title": "อยู่สุข 3 อพาร์ทเม้น", "depth_cm": 50, "severity": "severe", "passability": "unknown", "site_level": "severe", "district": "เมืองระยอง", "last_reported_at": "2026-09-29T20:15:00+07:00", "attribution": "rayongall.com (crowd-sourced, unverified)", "source_url": "https://74.rayongall.com/ry/flood-map/"}}, {"type": "Feature", "id": "web-rayongall-2708", "geometry": {"type": "Polygon", "coordinates": [[[101.699132, 12.811835], [101.69895, 12.811923], [101.698631, 12.811953], [101.697979, 12.811923], [101.697554, 12.811761], [101.697175, 12.81145], [101.696947, 12.81108], [101.696826, 12.810414], [101.696826, 12.809793], [101.696932, 12.809453], [101.69719, 12.809023], [101.697766, 12.808358], [101.6981, 12.808047], [101.698737, 12.807692], [101.699405, 12.807396], [101.699982, 12.807263], [101.701195, 12.807248], [101.701347, 12.807307], [101.701575, 12.807455], [101.701893, 12.80781], [101.702091, 12.808269], [101.70206, 12.809157], [101.701484, 12.810755], [101.701347, 12.810947], [101.700437, 12.811672], [101.699982, 12.81182], [101.699147, 12.81182], [101.699132, 12.811835]]]}, "properties": {"layer": "web_unverified", "web_id": "2708", "title": "หนองไทร", "depth_cm": null, "severity": "unknown", "passability": "impassable", "site_level": "severe", "district": "แกลง", "last_reported_at": "2026-09-29T20:14:58+07:00", "attribution": "rayongall.com (crowd-sourced, unverified)", "source_url": "https://74.rayongall.com/ry/flood-map/"}}, {"type": "Feature", "id": "web-rayongall-2707", "geometry": {"type": "Point", "coordinates": [101.337558, 12.653141]}, "properties": {"layer": "web_unverified", "web_id": "2707", "title": "ร้านขายของฝาก ม.9 ท่วมวันที่ 28 ก.ย", "depth_cm": 120, "severity": "severe", "passability": "impassable", "site_level": "severe", "district": "เมืองระยอง", "last_reported_at": "2026-09-29T20:13:22+07:00", "attribution": "rayongall.com (crowd-sourced, unverified)", "source_url": "https://74.rayongall.com/ry/flood-map/"}}, {"type": "Feature", "id": "web-rayongall-2135", "geometry": {"type": "Polygon", "coordinates": [[[101.311294, 12.679311], [101.311133, 12.679154], [101.310972, 12.678882], [101.311187, 12.678882], [101.311519, 12.6793], [101.311541, 12.679478], [101.311347, 12.679478], [101.311122, 12.679059], [101.311294, 12.679311]]]}, "properties": {"layer": "web_unverified", "web_id": "2135", "title": "หมู่ที่ 1 หมู่บ้าน ทรัพย์เจริญธานี ตำบลเชิงเนิน อำเภอเมืองระยอง จังหวัดระยอง 21000 ประเทศไทย ตำบลเชิงเนิน อำเภอเมืองระยอง จังหวัดระยอง 21000", "depth_cm": 50, "severity": "severe", "passability": "impassable", "site_level": "severe", "district": "เมืองระยอง", "last_reported_at": "2026-09-29T20:00:54+07:00", "attribution": "rayongall.com (crowd-sourced, unverified)", "source_url": "https://74.rayongall.com/ry/flood-map/"}}, {"type": "Feature", "id": "web-rayongall-2702", "geometry": {"type": "Polygon", "coordinates": [[[101.288946, 12.691463], [101.28886, 12.691567], [101.288549, 12.691672], [101.287476, 12.691704], [101.286961, 12.691526], [101.286778, 12.6914], [101.286553, 12.691201], [101.286435, 12.690887], [101.286639, 12.690667], [101.286907, 12.690563], [101.288581, 12.69051], [101.288871, 12.690678], [101.289128, 12.690929], [101.289107, 12.691264], [101.288785, 12.691505], [101.288946, 12.691463]]]}, "properties": {"layer": "web_unverified", "web_id": "2702", "title": "มิลินคอนโด", "depth_cm": 50, "severity": "severe", "passability": "impassable", "site_level": "severe", "district": "เมืองระยอง", "last_reported_at": "2026-09-29T19:59:40+07:00", "attribution": "rayongall.com (crowd-sourced, unverified)", "source_url": "https://74.rayongall.com/ry/flood-map/"}}, {"type": "Feature", "id": "web-rayongall-2701", "geometry": {"type": "Polygon", "coordinates": [[[101.305303, 12.694089], [101.305287, 12.694102], [101.305211, 12.694119], [101.305086, 12.694127], [101.305059, 12.694116], [101.305032, 12.694093], [101.30502, 12.694051], [101.305021, 12.694022], [101.305058, 12.693996], [101.305109, 12.693981], [101.305164, 12.69398], [101.305249, 12.693994], [101.305268, 12.694004], [101.305291, 12.69403], [101.305311, 12.694068], [101.30531, 12.694091], [101.305283, 12.694096], [101.305303, 12.694089]]]}, "properties": {"layer": "web_unverified", "web_id": "2701", "title": "หมู่บ้านนวพร2", "depth_cm": 90, "severity": "severe", "passability": "unknown", "site_level": "severe", "district": "เมืองระยอง", "last_reported_at": "2026-09-29T19:59:00+07:00", "attribution": "rayongall.com (crowd-sourced, unverified)", "source_url": "https://74.rayongall.com/ry/flood-map/"}}, {"type": "Feature", "id": "web-rayongall-2161", "geometry": {"type": "Polygon", "coordinates": [[[101.311473, 12.67958], [101.311295, 12.679632], [101.311238, 12.679717], [101.311234, 12.679805], [101.311336, 12.68005], [101.311587, 12.680457], [101.311803, 12.680742], [101.311962, 12.680908], [101.31211, 12.68099], [101.312224, 12.681019], [101.312273, 12.681016], [101.312372, 12.680964], [101.312402, 12.680908], [101.312436, 12.680753], [101.312429, 12.680649], [101.312383, 12.680516], [101.31225, 12.680372], [101.312152, 12.680205], [101.311955, 12.679935], [101.311818, 12.679702], [101.311727, 12.679639], [101.311496, 12.67955], [101.311389, 12.679561], [101.311336, 12.679613], [101.311473, 12.67958]]]}, "properties": {"layer": "web_unverified", "web_id": "2161", "title": "หมู่บ้านทรัพย์เจริญธานี", "depth_cm": 50, "severity": "severe", "passability": "unknown", "site_level": "severe", "district": "เมืองระยอง", "last_reported_at": "2026-09-29T19:58:50+07:00", "attribution": "rayongall.com (crowd-sourced, unverified)", "source_url": "https://74.rayongall.com/ry/flood-map/"}}, {"type": "Feature", "id": "web-rayongall-2693", "geometry": {"type": "Polygon", "coordinates": [[[101.288171, 12.69305], [101.28775, 12.692513], [101.287397, 12.691914], [101.287363, 12.691818], [101.287374, 12.691792], [101.287534, 12.691788], [101.287648, 12.692029], [101.287981, 12.692502], [101.288042, 12.692561], [101.288319, 12.69298], [101.288319, 12.693028], [101.288277, 12.693057], [101.28822, 12.693061], [101.288194, 12.693009], [101.288171, 12.69305]]]}, "properties": {"layer": "web_unverified", "web_id": "2693", "title": "ตลาดลุงหนู", "depth_cm": null, "severity": "unknown", "passability": "unknown", "site_level": "severe", "district": "เมืองระยอง", "last_reported_at": "2026-09-29T19:47:00+07:00", "attribution": "rayongall.com (crowd-sourced, unverified)", "source_url": "https://74.rayongall.com/ry/flood-map/"}}, {"type": "Feature", "id": "web-rayongall-2548", "geometry": {"type": "Polygon", "coordinates": [[[101.307324, 12.675207], [101.307034, 12.675365], [101.307002, 12.675438], [101.307024, 12.675522], [101.307238, 12.675668], [101.307442, 12.675647], [101.307571, 12.675574], [101.307882, 12.675228], [101.308011, 12.674862], [101.308, 12.674621], [101.307807, 12.674653], [101.307517, 12.674893], [101.307324, 12.675113], [101.307217, 12.675365], [101.307324, 12.675207]]]}, "properties": {"layer": "web_unverified", "web_id": "2548", "title": "โชคมารวยซอย3", "depth_cm": 30, "severity": "moderate", "passability": "unknown", "site_level": "severe", "district": "เมืองระยอง", "last_reported_at": "2026-09-29T19:46:36+07:00", "attribution": "rayongall.com (crowd-sourced, unverified)", "source_url": "https://74.rayongall.com/ry/flood-map/"}}, {"type": "Feature", "id": "web-rayongall-2691", "geometry": {"type": "Polygon", "coordinates": [[[101.265476, 12.692957], [101.265142, 12.693061], [101.264141, 12.693046], [101.263822, 12.692943], [101.263291, 12.692721], [101.263003, 12.692499], [101.262942, 12.692365], [101.263003, 12.692114], [101.263276, 12.691803], [101.263883, 12.691581], [101.265158, 12.691625], [101.265446, 12.691729], [101.26581, 12.692143], [101.266129, 12.692809], [101.266129, 12.693017], [101.265992, 12.69312], [101.265749, 12.693165], [101.265097, 12.693165], [101.264809, 12.693076], [101.265476, 12.692957]]]}, "properties": {"layer": "web_unverified", "web_id": "2691", "title": "ตั้งแต่ซ.8เป็นต้นำป", "depth_cm": 90, "severity": "severe", "passability": "unknown", "site_level": "severe", "district": "เมืองระยอง", "last_reported_at": "2026-09-29T19:40:49+07:00", "attribution": "rayongall.com (crowd-sourced, unverified)", "source_url": "https://74.rayongall.com/ry/flood-map/"}}, {"type": "Feature", "id": "web-rayongall-2685", "geometry": {"type": "Polygon", "coordinates": [[[101.313096, 12.67655], [101.313043, 12.676487], [101.312874, 12.676341], [101.312858, 12.676333], [101.312866, 12.676348], [101.31282, 12.676362], [101.312788, 12.676328], [101.312745, 12.676309], [101.312691, 12.67632], [101.312619, 12.676369], [101.312546, 12.676393], [101.312404, 12.676498], [101.312407, 12.676673], [101.31245, 12.676759], [101.312632, 12.676869], [101.312675, 12.676911], [101.312732, 12.677005], [101.312793, 12.677045], [101.313096, 12.67655]]]}, "properties": {"layer": "web_unverified", "web_id": "2685", "title": "ปนะชาพัฒนาซอย 8", "depth_cm": 90, "severity": "severe", "passability": "unknown", "site_level": "severe", "district": "เมืองระยอง", "last_reported_at": "2026-09-29T19:36:27+07:00", "attribution": "rayongall.com (crowd-sourced, unverified)", "source_url": "https://74.rayongall.com/ry/flood-map/"}}, {"type": "Feature", "id": "web-rayongall-2682", "geometry": {"type": "Polygon", "coordinates": [[[101.05834, 13.055431], [101.058887, 13.055504], [101.059327, 13.05566], [101.05834, 13.055431]]]}, "properties": {"layer": "web_unverified", "web_id": "2682", "title": "สำนักงานขนส่งจังหวัดระยอง", "depth_cm": null, "severity": "unknown", "passability": "unknown", "site_level": "severe", "district": null, "last_reported_at": "2026-09-29T19:33:00+07:00", "attribution": "rayongall.com (crowd-sourced, unverified)", "source_url": "https://74.rayongall.com/ry/flood-map/"}}, {"type": "Feature", "id": "web-rayongall-2136", "geometry": {"type": "Polygon", "coordinates": [[[101.662933, 12.76837], [101.662895, 12.76844], [101.662546, 12.768818], [101.66219, 12.76914], [101.661993, 12.769406], [101.661879, 12.769439], [101.661791, 12.769417], [101.661738, 12.76931], [101.661716, 12.769188], [101.661663, 12.769077], [101.661693, 12.76891], [101.662091, 12.768411], [101.662205, 12.7683], [101.66241, 12.768048], [101.662577, 12.768067], [101.662933, 12.768363], [101.663005, 12.7684], [101.662933, 12.76837]]]}, "properties": {"layer": "web_unverified", "web_id": "2136", "title": "สี่แยกหมู่บ้านฟ้าใส", "depth_cm": null, "severity": "unknown", "passability": "impassable", "site_level": "severe", "district": "แกลง", "last_reported_at": "2026-09-29T19:31:05+07:00", "attribution": "rayongall.com (crowd-sourced, unverified)", "source_url": "https://74.rayongall.com/ry/flood-map/"}}, {"type": "Feature", "id": "web-rayongall-45", "geometry": {"type": "Polygon", "coordinates": [[[101.307893, 12.700914], [101.307346, 12.700935], [101.306219, 12.700527], [101.305511, 12.700098], [101.305168, 12.699815], [101.304384, 12.698842], [101.303955, 12.698067], [101.303923, 12.697282], [101.304127, 12.69679], [101.304363, 12.696455], [101.304524, 12.69634], [101.305425, 12.696005], [101.305919, 12.696005], [101.306455, 12.696089], [101.307238, 12.696414], [101.307678, 12.696801], [101.307904, 12.697083], [101.308204, 12.697659], [101.308354, 12.698067], [101.308472, 12.698706], [101.308461, 12.699773], [101.308408, 12.700108], [101.308129, 12.700673], [101.307839, 12.700925], [101.30771, 12.700872], [101.307893, 12.700914]]]}, "properties": {"layer": "web_unverified", "web_id": "45", "title": "หมู่บ้านระยองริเวอร์พาร์ค", "depth_cm": 150, "severity": "severe", "passability": "impassable", "site_level": "severe", "district": "เมืองระยอง", "last_reported_at": "2026-09-29T19:04:51+07:00", "attribution": "rayongall.com (crowd-sourced, unverified)", "source_url": "https://74.rayongall.com/ry/flood-map/"}}, {"type": "Feature", "id": "web-rayongall-2655", "geometry": {"type": "Point", "coordinates": [101.198911, 12.689014]}, "properties": {"layer": "web_unverified", "web_id": "2655", "title": "หมู่บ้านกรุงไทย", "depth_cm": null, "severity": "unknown", "passability": "unknown", "site_level": "severe", "district": "เมืองระยอง", "last_reported_at": "2026-09-29T18:18:00+07:00", "attribution": "rayongall.com (crowd-sourced, unverified)", "source_url": "https://74.rayongall.com/ry/flood-map/"}}, {"type": "Feature", "id": "web-rayongall-2653", "geometry": {"type": "Polygon", "coordinates": [[[101.279523, 12.686074], [101.27953, 12.686148], [101.279511, 12.686182], [101.279287, 12.686241], [101.279208, 12.686241], [101.279162, 12.686215], [101.27909, 12.686108], [101.278991, 12.685745], [101.278919, 12.68516], [101.278927, 12.684953], [101.278995, 12.684901], [101.279185, 12.68489], [101.279287, 12.684935], [101.279371, 12.684998], [101.279492, 12.685127], [101.279579, 12.685282], [101.279633, 12.685512], [101.279652, 12.685967], [101.279621, 12.686085], [101.279579, 12.686152], [101.27953, 12.686189], [101.279447, 12.686189], [101.279523, 12.686074]]]}, "properties": {"layer": "web_unverified", "web_id": "2653", "title": "หลังวัดป่าซ.2", "depth_cm": 50, "severity": "severe", "passability": "unknown", "site_level": "severe", "district": "เมืองระยอง", "last_reported_at": "2026-09-29T18:06:44+07:00", "attribution": "rayongall.com (crowd-sourced, unverified)", "source_url": "https://74.rayongall.com/ry/flood-map/"}}, {"type": "Feature", "id": "web-rayongall-2652", "geometry": {"type": "Polygon", "coordinates": [[[101.285555, 12.699752], [101.285491, 12.699669], [101.285319, 12.698946], [101.285126, 12.69858], [101.284879, 12.698277], [101.284161, 12.697785], [101.284386, 12.697795], [101.284697, 12.697921], [101.285073, 12.698193], [101.28548, 12.698277], [101.285663, 12.698423], [101.285352, 12.698392], [101.285255, 12.698475], [101.285255, 12.698685], [101.285663, 12.699501], [101.285566, 12.699752], [101.285555, 12.699752]]]}, "properties": {"layer": "web_unverified", "web_id": "2652", "title": "คุ้มหลวง", "depth_cm": 50, "severity": "severe", "passability": "impassable", "site_level": "severe", "district": "เมืองระยอง", "last_reported_at": "2026-09-29T18:02:00+07:00", "attribution": "rayongall.com (crowd-sourced, unverified)", "source_url": "https://74.rayongall.com/ry/flood-map/"}}, {"type": "Feature", "id": "web-rayongall-2649", "geometry": {"type": "Point", "coordinates": [101.287885, 12.704204]}, "properties": {"layer": "web_unverified", "web_id": "2649", "title": "หน้ามัสยิด กุโบว", "depth_cm": 120, "severity": "severe", "passability": "impassable", "site_level": "severe", "district": "เมืองระยอง", "last_reported_at": "2026-09-29T17:52:00+07:00", "attribution": "rayongall.com (crowd-sourced, unverified)", "source_url": "https://74.rayongall.com/ry/flood-map/"}}, {"type": "Feature", "id": "web-rayongall-2643", "geometry": {"type": "Point", "coordinates": [101.317512, 12.69066]}, "properties": {"layer": "web_unverified", "web_id": "2643", "title": "ซอยสุขสันต์", "depth_cm": 120, "severity": "severe", "passability": "impassable", "site_level": "severe", "district": "เมืองระยอง", "last_reported_at": "2026-09-29T17:39:00+07:00", "attribution": "rayongall.com (crowd-sourced, unverified)", "source_url": "https://74.rayongall.com/ry/flood-map/"}}, {"type": "Feature", "id": "web-rayongall-2004", "geometry": {"type": "Polygon", "coordinates": [[[101.275342, 12.720098], [101.276168, 12.720182], [101.277777, 12.720171], [101.278024, 12.719889], [101.278056, 12.719355], [101.277831, 12.718926], [101.277498, 12.718696], [101.275878, 12.718434], [101.275342, 12.718455], [101.275127, 12.718528], [101.274891, 12.718758], [101.274741, 12.719156], [101.274719, 12.719481], [101.274998, 12.719941], [101.275105, 12.720014], [101.275352, 12.720067], [101.275342, 12.720098]]]}, "properties": {"layer": "web_unverified", "web_id": "2004", "title": "โครงการทรัพย์แสนล้าน", "depth_cm": null, "severity": "unknown", "passability": "unknown", "site_level": "severe", "district": "เมืองระยอง", "last_reported_at": "2026-09-29T17:24:27+07:00", "attribution": "rayongall.com (crowd-sourced, unverified)", "source_url": "https://74.rayongall.com/ry/flood-map/"}}, {"type": "Feature", "id": "web-rayongall-1024", "geometry": {"type": "Polygon", "coordinates": [[[101.303454, 12.71621], [101.303621, 12.715766], [101.303333, 12.715559], [101.30312, 12.715633], [101.302453, 12.716122], [101.301921, 12.716802], [101.301557, 12.717054], [101.300556, 12.718416], [101.300359, 12.718934], [101.300359, 12.719259], [101.300859, 12.719541], [101.301132, 12.719437], [101.301269, 12.719304], [101.301679, 12.718416], [101.301982, 12.718238], [101.302316, 12.717912], [101.303378, 12.717616], [101.303742, 12.71695], [101.303606, 12.716492], [101.303484, 12.716329], [101.303454, 12.716018], [101.303454, 12.71621]]]}, "properties": {"layer": "web_unverified", "web_id": "1024", "title": "ซอยหลังวัดตาขัน", "depth_cm": 90, "severity": "severe", "passability": "impassable", "site_level": "severe", "district": "บ้านค่าย", "last_reported_at": "2026-09-29T16:57:18+07:00", "attribution": "rayongall.com (crowd-sourced, unverified)", "source_url": "https://74.rayongall.com/ry/flood-map/"}}, {"type": "Feature", "id": "web-rayongall-2631", "geometry": {"type": "Polygon", "coordinates": [[[101.275854, 12.711472], [101.275891, 12.711443], [101.275993, 12.711291], [101.276245, 12.71082], [101.276471, 12.710956], [101.276476, 12.711053], [101.276441, 12.711166], [101.276294, 12.711409], [101.276168, 12.711571], [101.27613, 12.711652], [101.275854, 12.711472]]]}, "properties": {"layer": "web_unverified", "web_id": "2631", "title": "ซอยครัวเป็ดทิพย์ (ห้ามผ่านเด็ดขาด)", "depth_cm": 170, "severity": "severe", "passability": "impassable", "site_level": "severe", "district": "เมืองระยอง", "last_reported_at": "2026-09-29T16:57:00+07:00", "attribution": "rayongall.com (crowd-sourced, unverified)", "source_url": "https://74.rayongall.com/ry/flood-map/"}}, {"type": "Feature", "id": "web-rayongall-2622", "geometry": {"type": "Polygon", "coordinates": [[[101.260135, 12.692129], [101.261015, 12.692365], [101.261531, 12.692321], [101.261592, 12.691522], [101.261895, 12.69124], [101.261926, 12.690604], [101.262047, 12.69013], [101.262381, 12.689642], [101.262366, 12.68942], [101.261865, 12.689094], [101.261638, 12.688828], [101.261607, 12.688014], [101.261774, 12.687007], [101.261258, 12.686785], [101.261076, 12.686829], [101.260575, 12.687629], [101.26056, 12.688857], [101.260302, 12.689346], [101.260211, 12.689864], [101.260151, 12.692188], [101.260226, 12.692188], [101.260135, 12.692129]]]}, "properties": {"layer": "web_unverified", "web_id": "2622", "title": "หมู่บ้านกรุงไทย", "depth_cm": 120, "severity": "severe", "passability": "impassable", "site_level": "severe", "district": "เมืองระยอง", "last_reported_at": "2026-09-29T16:45:10+07:00", "attribution": "rayongall.com (crowd-sourced, unverified)", "source_url": "https://74.rayongall.com/ry/flood-map/"}}, {"type": "Feature", "id": "web-rayongall-2477", "geometry": {"type": "Polygon", "coordinates": [[[101.314512, 12.68982], [101.31433, 12.689621], [101.314244, 12.689432], [101.314255, 12.689364], [101.314384, 12.689359], [101.314604, 12.689568], [101.314791, 12.690018], [101.314979, 12.690364], [101.315038, 12.690578], [101.314985, 12.69062], [101.314915, 12.690625], [101.314829, 12.690573], [101.314754, 12.690291], [101.3147, 12.690222], [101.314663, 12.690217], [101.314625, 12.690296], [101.314588, 12.690311], [101.314512, 12.690259], [101.314512, 12.690202], [101.314684, 12.690086], [101.314571, 12.689992], [101.314507, 12.689898], [101.314421, 12.689699], [101.314512, 12.68982]]]}, "properties": {"layer": "web_unverified", "web_id": "2477", "title": "หมู่บ้านดาวเงิน", "depth_cm": 50, "severity": "severe", "passability": "impassable", "site_level": "severe", "district": "เมืองระยอง", "last_reported_at": "2026-09-29T16:40:05+07:00", "attribution": "rayongall.com (crowd-sourced, unverified)", "source_url": "https://74.rayongall.com/ry/flood-map/"}}, {"type": "Feature", "id": "web-rayongall-2232", "geometry": {"type": "Polygon", "coordinates": [[[101.310873, 12.68062], [101.310661, 12.680879], [101.310487, 12.680997], [101.309652, 12.68136], [101.309129, 12.681523], [101.308871, 12.6815], [101.30878, 12.681456], [101.308802, 12.68119], [101.308886, 12.680945], [101.309007, 12.680797], [101.309204, 12.680679], [101.31032, 12.68042], [101.310479, 12.680427], [101.310714, 12.680509], [101.310828, 12.680597], [101.310798, 12.680664], [101.310873, 12.68062]]]}, "properties": {"layer": "web_unverified", "web_id": "2232", "title": "หมู่บ้านเดอะเดคโค่5", "depth_cm": 90, "severity": "severe", "passability": "impassable", "site_level": "severe", "district": "เมืองระยอง", "last_reported_at": "2026-09-29T16:36:47+07:00", "attribution": "rayongall.com (crowd-sourced, unverified)", "source_url": "https://74.rayongall.com/ry/flood-map/"}}, {"type": "Feature", "id": "web-rayongall-2609", "geometry": {"type": "Polygon", "coordinates": [[[101.287428, 12.698445], [101.287431, 12.698497], [101.287401, 12.698527], [101.287329, 12.698553], [101.28723, 12.698549], [101.28712, 12.698482], [101.287079, 12.698427], [101.287079, 12.698379], [101.287105, 12.698349], [101.287227, 12.698297], [101.287325, 12.69829], [101.287397, 12.698345], [101.287435, 12.698401], [101.287439, 12.698479], [101.287424, 12.698493], [101.287428, 12.698445]]]}, "properties": {"layer": "web_unverified", "web_id": "2609", "title": "เข้ามาทางซอยหมูกระทะอิ่มสบาย", "depth_cm": 50, "severity": "severe", "passability": "impassable", "site_level": "severe", "district": "เมืองระยอง", "last_reported_at": "2026-09-29T16:26:41+07:00", "attribution": "rayongall.com (crowd-sourced, unverified)", "source_url": "https://74.rayongall.com/ry/flood-map/"}}, {"type": "Feature", "id": "web-rayongall-2256", "geometry": {"type": "Polygon", "coordinates": [[[101.348047, 12.651493], [101.348093, 12.651464], [101.348032, 12.651345], [101.347744, 12.651035], [101.347592, 12.650961], [101.347349, 12.651005], [101.347304, 12.651849], [101.347668, 12.65216], [101.348305, 12.652411], [101.349382, 12.652456], [101.349473, 12.652397], [101.349473, 12.652278], [101.34923, 12.652115], [101.348275, 12.651819], [101.348017, 12.651582], [101.347956, 12.651316], [101.348047, 12.651493]]]}, "properties": {"layer": "web_unverified", "web_id": "2256", "title": "เซเว่นหนองตารส", "depth_cm": 50, "severity": "severe", "passability": "unknown", "site_level": "severe", "district": "เมืองระยอง", "last_reported_at": "2026-09-29T16:16:17+07:00", "attribution": "rayongall.com (crowd-sourced, unverified)", "source_url": "https://74.rayongall.com/ry/flood-map/"}}, {"type": "Feature", "id": "web-rayongall-2323", "geometry": {"type": "Polygon", "coordinates": [[[101.285034, 12.688902], [101.283198, 12.688428], [101.281635, 12.688458], [101.281044, 12.688591], [101.281226, 12.688443], [101.281817, 12.688221], [101.283456, 12.688236], [101.284366, 12.688398], [101.284958, 12.688591], [101.285398, 12.688931], [101.285034, 12.688902]]]}, "properties": {"layer": "web_unverified", "web_id": "2323", "title": "ซอยเรือนจำ", "depth_cm": 60, "severity": "severe", "passability": "unknown", "site_level": "severe", "district": "เมืองระยอง", "last_reported_at": "2026-09-29T16:11:28+07:00", "attribution": "rayongall.com (crowd-sourced, unverified)", "source_url": "https://74.rayongall.com/ry/flood-map/"}}, {"type": "Feature", "id": "web-rayongall-2602", "geometry": {"type": "Polygon", "coordinates": [[[101.315918, 12.710511], [101.315757, 12.710522], [101.315253, 12.710313], [101.314545, 12.710114], [101.31433, 12.709999], [101.313944, 12.709622], [101.31359, 12.709099], [101.313504, 12.708659], [101.313525, 12.707675], [101.313761, 12.707183], [101.314158, 12.70689], [101.314609, 12.706775], [101.314952, 12.706796], [101.315285, 12.706995], [101.315532, 12.707225], [101.315843, 12.707696], [101.316122, 12.709381], [101.316133, 12.709852], [101.315768, 12.710689], [101.315918, 12.710511]]]}, "properties": {"layer": "web_unverified", "web_id": "2602", "title": "ซอยสวนสุขภาพหนองอ้อ", "depth_cm": null, "severity": "unknown", "passability": "unknown", "site_level": "severe", "district": "บ้านค่าย", "last_reported_at": "2026-09-29T15:59:36+07:00", "attribution": "rayongall.com (crowd-sourced, unverified)", "source_url": "https://74.rayongall.com/ry/flood-map/"}}, {"type": "Feature", "id": "web-rayongall-2600", "geometry": {"type": "Polygon", "coordinates": [[[101.328925, 12.696632], [101.328887, 12.696651], [101.328785, 12.696651], [101.328683, 12.696617], [101.328611, 12.696514], [101.32855, 12.696369], [101.328747, 12.696369], [101.328937, 12.696621], [101.328906, 12.696625], [101.328925, 12.696632]]]}, "properties": {"layer": "web_unverified", "web_id": "2600", "title": "ม.1 ต.บ้านแลง อ.เมือง จ.ระยอง 21000", "depth_cm": 90, "severity": "severe", "passability": "unknown", "site_level": "severe", "district": "เมืองระยอง", "last_reported_at": "2026-09-29T15:57:00+07:00", "attribution": "rayongall.com (crowd-sourced, unverified)", "source_url": "https://74.rayongall.com/ry/flood-map/"}}, {"type": "Feature", "id": "web-rayongall-2599", "geometry": {"type": "Polygon", "coordinates": [[[101.31032, 12.696295], [101.310267, 12.696347], [101.309569, 12.696347], [101.309295, 12.69628], [101.30878, 12.696014], [101.308666, 12.695851], [101.308673, 12.695703], [101.308772, 12.695563], [101.309015, 12.695341], [101.309242, 12.69523], [101.309485, 12.695178], [101.311913, 12.695326], [101.312224, 12.695444], [101.312406, 12.695674], [101.312451, 12.696029], [101.312383, 12.69611], [101.312194, 12.696206], [101.310509, 12.696377], [101.310221, 12.696377], [101.309918, 12.69631], [101.31032, 12.696295]]]}, "properties": {"layer": "web_unverified", "web_id": "2599", "title": "ซอยรีไซเคิล", "depth_cm": 90, "severity": "severe", "passability": "unknown", "site_level": "severe", "district": "เมืองระยอง", "last_reported_at": "2026-09-29T15:57:00+07:00", "attribution": "rayongall.com (crowd-sourced, unverified)", "source_url": "https://74.rayongall.com/ry/flood-map/"}}, {"type": "Feature", "id": "web-rayongall-1138", "geometry": {"type": "Polygon", "coordinates": [[[101.350207, 12.651822], [101.350046, 12.651236], [101.349306, 12.650043], [101.348974, 12.649163], [101.34892, 12.64887], [101.34892, 12.648378], [101.348963, 12.648211], [101.349049, 12.648117], [101.349145, 12.648158], [101.349285, 12.648389], [101.350518, 12.650974], [101.350647, 12.651414], [101.350647, 12.651833], [101.350604, 12.651927], [101.350454, 12.652042], [101.350282, 12.652053], [101.350186, 12.651958], [101.350014, 12.65155], [101.350207, 12.651822]]]}, "properties": {"layer": "web_unverified", "web_id": "1138", "title": "หลังตลาดตะพง", "depth_cm": 50, "severity": "severe", "passability": "unknown", "site_level": "severe", "district": "เมืองระยอง", "last_reported_at": "2026-09-29T15:47:11+07:00", "attribution": "rayongall.com (crowd-sourced, unverified)", "source_url": "https://74.rayongall.com/ry/flood-map/"}}, {"type": "Feature", "id": "web-rayongall-2594", "geometry": {"type": "Polygon", "coordinates": [[[101.248356, 12.688741], [101.248236, 12.688741], [101.248183, 12.688724], [101.24816, 12.688681], [101.248164, 12.688617], [101.248185, 12.688598], [101.248249, 12.688572], [101.248335, 12.688561], [101.248388, 12.688561], [101.248405, 12.688569], [101.248431, 12.688613], [101.248435, 12.688669], [101.248409, 12.688718], [101.248369, 12.688739], [101.248356, 12.688741]]]}, "properties": {"layer": "web_unverified", "web_id": "2594", "title": "บ้านด้านในซอยข้างหมู่บ้านกุญสิริ", "depth_cm": 90, "severity": "severe", "passability": "unknown", "site_level": "severe", "district": "เมืองระยอง", "last_reported_at": "2026-09-29T15:46:00+07:00", "attribution": "rayongall.com (crowd-sourced, unverified)", "source_url": "https://74.rayongall.com/ry/flood-map/"}}, {"type": "Feature", "id": "web-rayongall-2360", "geometry": {"type": "Polygon", "coordinates": [[[101.350232, 12.66085], [101.349959, 12.661057], [101.349139, 12.660376], [101.348017, 12.657948], [101.347288, 12.653921], [101.347288, 12.652915], [101.347592, 12.652293], [101.347986, 12.652382], [101.348927, 12.653566], [101.34923, 12.654602], [101.350444, 12.661146], [101.350232, 12.66085]]]}, "properties": {"layer": "web_unverified", "web_id": "2360", "title": "เส้นทางไปตะพงใน", "depth_cm": 50, "severity": "severe", "passability": "impassable", "site_level": "severe", "district": "เมืองระยอง", "last_reported_at": "2026-09-29T15:46:43+07:00", "attribution": "rayongall.com (crowd-sourced, unverified)", "source_url": "https://74.rayongall.com/ry/flood-map/"}}, {"type": "Feature", "id": "web-rayongall-2591", "geometry": {"type": "Polygon", "coordinates": [[[101.287234, 12.690189], [101.286612, 12.688768], [101.286642, 12.688606], [101.28687, 12.688502], [101.288706, 12.688502], [101.289282, 12.688606], [101.28948, 12.688828], [101.290026, 12.689893], [101.289465, 12.690041], [101.287947, 12.690263], [101.287522, 12.690249], [101.286976, 12.689938], [101.287234, 12.690189]]]}, "properties": {"layer": "web_unverified", "web_id": "2591", "title": "หบ ศักดิ์สายธาร", "depth_cm": 90, "severity": "severe", "passability": "unknown", "site_level": "severe", "district": "เมืองระยอง", "last_reported_at": "2026-09-29T15:41:00+07:00", "attribution": "rayongall.com (crowd-sourced, unverified)", "source_url": "https://74.rayongall.com/ry/flood-map/"}}, {"type": "Feature", "id": "web-rayongall-2584", "geometry": {"type": "Polygon", "coordinates": [[[101.287484, 12.685549], [101.287234, 12.685504], [101.286612, 12.685238], [101.286157, 12.685186], [101.285967, 12.685127], [101.285595, 12.684935], [101.285535, 12.684846], [101.285611, 12.684794], [101.28574, 12.684809], [101.286043, 12.684979], [101.286316, 12.685023], [101.28684, 12.685179], [101.287363, 12.685401], [101.287492, 12.685542], [101.287484, 12.685549]]]}, "properties": {"layer": "web_unverified", "web_id": "2584", "title": "ทางไปรพ.ระยองสาขาเกาะหวาย", "depth_cm": 90, "severity": "severe", "passability": "impassable", "site_level": "severe", "district": "เมืองระยอง", "last_reported_at": "2026-09-29T15:14:41+07:00", "attribution": "rayongall.com (crowd-sourced, unverified)", "source_url": "https://74.rayongall.com/ry/flood-map/"}}, {"type": "Feature", "id": "web-rayongall-2545", "geometry": {"type": "Polygon", "coordinates": [[[101.288078, 12.678155], [101.288106, 12.678093], [101.28814, 12.678045], [101.288213, 12.677975], [101.288287, 12.677973], [101.288369, 12.677993], [101.28847, 12.678038], [101.28848, 12.678048], [101.288589, 12.6781], [101.288625, 12.678127], [101.288673, 12.678187], [101.288706, 12.678246], [101.288722, 12.678288], [101.288716, 12.678333], [101.288691, 12.678386], [101.288633, 12.678433], [101.288566, 12.67846], [101.288525, 12.678459], [101.288408, 12.678399], [101.2884, 12.678388], [101.288338, 12.678356], [101.288317, 12.678336], [101.288252, 12.678297], [101.288244, 12.678282], [101.288226, 12.678277], [101.28816, 12.678234], [101.28809, 12.678182], [101.288078, 12.678148], [101.288078, 12.678155]]]}, "properties": {"layer": "web_unverified", "web_id": "2545", "title": "น้ำล้นตลิ่ง", "depth_cm": 15, "severity": "moderate", "passability": "all_vehicles", "site_level": "flood", "district": "เมืองระยอง", "last_reported_at": "2026-09-30T14:48:52+07:00", "attribution": "rayongall.com (crowd-sourced, unverified)", "source_url": "https://74.rayongall.com/ry/flood-map/"}}, {"type": "Feature", "id": "web-rayongall-450", "geometry": {"type": "Polygon", "coordinates": [[[101.224841, 12.737643], [101.224766, 12.737648], [101.224594, 12.737559], [101.224363, 12.73735], [101.224326, 12.737256], [101.224299, 12.736989], [101.224315, 12.736685], [101.224428, 12.736497], [101.224557, 12.736398], [101.224616, 12.736403], [101.224798, 12.736534], [101.224846, 12.736596], [101.224889, 12.737057], [101.224954, 12.737209], [101.224986, 12.737402], [101.224986, 12.737585], [101.224948, 12.737643], [101.224782, 12.737695], [101.224642, 12.737664], [101.224841, 12.737643]]]}, "properties": {"layer": "web_unverified", "web_id": "450", "title": "ทางไปยายยองรีสอร์ท", "depth_cm": 30, "severity": "moderate", "passability": "impassable", "site_level": "flood", "district": "เมืองระยอง", "last_reported_at": "2026-09-30T13:57:46+07:00", "attribution": "rayongall.com (crowd-sourced, unverified)", "source_url": "https://74.rayongall.com/ry/flood-map/"}}, {"type": "Feature", "id": "web-rayongall-2276", "geometry": {"type": "LineString", "coordinates": [[101.268549, 12.717039], [101.268359, 12.716758], [101.268291, 12.716203], [101.268056, 12.716233], [101.267555, 12.716218], [101.267244, 12.716085], [101.267176, 12.716085]]}, "properties": {"layer": "web_unverified", "web_id": "2276", "title": "ซอยบัวลอย", "depth_cm": 60, "severity": "severe", "passability": "unknown", "site_level": "flood", "district": "เมืองระยอง", "last_reported_at": "2026-09-30T13:51:59+07:00", "attribution": "rayongall.com (crowd-sourced, unverified)", "source_url": "https://74.rayongall.com/ry/flood-map/"}}, {"type": "Feature", "id": "web-rayongall-2644", "geometry": {"type": "Polygon", "coordinates": [[[101.247891, 12.68828], [101.247785, 12.688561], [101.247269, 12.689316], [101.247102, 12.689435], [101.246798, 12.689449], [101.246556, 12.689627], [101.245797, 12.689612], [101.245615, 12.689509], [101.244947, 12.689405], [101.244295, 12.689405], [101.244128, 12.688916], [101.243946, 12.688828], [101.243612, 12.688798], [101.24343, 12.689183], [101.243476, 12.689967], [101.243749, 12.690293], [101.244371, 12.690767], [101.244659, 12.691344], [101.244993, 12.691655], [101.245554, 12.691758], [101.246055, 12.691477], [101.246768, 12.691507], [101.246874, 12.69127], [101.246874, 12.691078], [101.246374, 12.690693], [101.246267, 12.690367], [101.246358, 12.690027], [101.246298, 12.689834], [101.246647, 12.689745], [101.247041, 12.689287], [101.247299, 12.689212], [101.247421, 12.689079], [101.247633, 12.68905], [101.247739, 12.688946], [101.248012, 12.688487], [101.247997, 12.688265], [101.247921, 12.688191], [101.247891, 12.68828]]]}, "properties": {"layer": "web_unverified", "web_id": "2644", "title": "ซอยโชคดีวิลเลจ", "depth_cm": 90, "severity": "severe", "passability": "impassable", "site_level": "flood", "district": "เมืองระยอง", "last_reported_at": "2026-09-30T13:37:10+07:00", "attribution": "rayongall.com (crowd-sourced, unverified)", "source_url": "https://74.rayongall.com/ry/flood-map/"}}, {"type": "Feature", "id": "web-rayongall-2864", "geometry": {"type": "Polygon", "coordinates": [[[101.299926, 12.701498], [101.300245, 12.701587], [101.300533, 12.701557], [101.300624, 12.701594], [101.300837, 12.701794], [101.301034, 12.701831], [101.301102, 12.701787], [101.301246, 12.70152], [101.301352, 12.701402], [101.301618, 12.701283], [101.302384, 12.701069], [101.302483, 12.700995], [101.302521, 12.700884], [101.302453, 12.700765], [101.302233, 12.700669], [101.301823, 12.700677], [101.301671, 12.700714], [101.30073, 12.701121], [101.300488, 12.701143], [101.300101, 12.701091], [101.299979, 12.701128], [101.299926, 12.701232], [101.299926, 12.70135], [101.299972, 12.701461], [101.299926, 12.701498]]]}, "properties": {"layer": "web_unverified", "web_id": "2864", "title": "ถนนสะอาดพัฒนาซอย29", "depth_cm": 45, "severity": "severe", "passability": "impassable", "site_level": "flood", "district": "เมืองระยอง", "last_reported_at": "2026-09-30T13:30:00+07:00", "attribution": "rayongall.com (crowd-sourced, unverified)", "source_url": "https://74.rayongall.com/ry/flood-map/"}}, {"type": "Feature", "id": "web-rayongall-2862", "geometry": {"type": "Polygon", "coordinates": [[[101.280802, 12.701291], [101.280931, 12.700862], [101.281028, 12.700715], [101.28091, 12.70128], [101.280845, 12.701354], [101.281006, 12.700579], [101.281092, 12.700516], [101.280953, 12.700956], [101.280802, 12.701197], [101.280802, 12.701291]]]}, "properties": {"layer": "web_unverified", "web_id": "2862", "title": "ซอยพัฒนประเสริฐ8", "depth_cm": 30, "severity": "moderate", "passability": "all_vehicles", "site_level": "flood", "district": "เมืองระยอง", "last_reported_at": "2026-09-30T13:14:00+07:00", "attribution": "rayongall.com (crowd-sourced, unverified)", "source_url": "https://74.rayongall.com/ry/flood-map/"}}, {"type": "Feature", "id": "web-rayongall-2860", "geometry": {"type": "LineString", "coordinates": [[101.308574, 12.716043], [101.308531, 12.715907], [101.308461, 12.715865], [101.308241, 12.71587], [101.307904, 12.715948], [101.307796, 12.715985], [101.30778, 12.716017], [101.307818, 12.716168], [101.307877, 12.716247], [101.307802, 12.716037], [101.307802, 12.715901], [101.307877, 12.715718], [101.307898, 12.715436], [101.307823, 12.715289], [101.30771, 12.71519]]}, "properties": {"layer": "web_unverified", "web_id": "2860", "title": "ซอยม.6", "depth_cm": 30, "severity": "moderate", "passability": "unknown", "site_level": "flood", "district": "บ้านค่าย", "last_reported_at": "2026-09-30T12:56:00+07:00", "attribution": "rayongall.com (crowd-sourced, unverified)", "source_url": "https://74.rayongall.com/ry/flood-map/"}}, {"type": "Feature", "id": "web-rayongall-2859", "geometry": {"type": "LineString", "coordinates": [[101.273689, 12.687779], [101.274848, 12.68803], [101.276007, 12.687946], [101.278882, 12.687988]]}, "properties": {"layer": "web_unverified", "web_id": "2859", "title": "ซอยไฟแดงจันทอุดม", "depth_cm": null, "severity": "unknown", "passability": "unknown", "site_level": "flood", "district": "เมืองระยอง", "last_reported_at": "2026-09-30T12:54:00+07:00", "attribution": "rayongall.com (crowd-sourced, unverified)", "source_url": "https://74.rayongall.com/ry/flood-map/"}}, {"type": "Feature", "id": "web-rayongall-2858", "geometry": {"type": "Polygon", "coordinates": [[[101.280813, 12.701322], [101.280642, 12.701992], [101.280577, 12.702076], [101.280813, 12.701322]]]}, "properties": {"layer": "web_unverified", "web_id": "2858", "title": "ซอยครัวแกงเผ็ด", "depth_cm": 30, "severity": "moderate", "passability": "all_vehicles", "site_level": "flood", "district": "เมืองระยอง", "last_reported_at": "2026-09-30T12:42:42+07:00", "attribution": "rayongall.com (crowd-sourced, unverified)", "source_url": "https://74.rayongall.com/ry/flood-map/"}}, {"type": "Feature", "id": "web-rayongall-1682", "geometry": {"type": "Polygon", "coordinates": [[[101.303601, 12.735555], [101.303226, 12.735649], [101.303043, 12.735597], [101.302679, 12.735335], [101.302507, 12.735126], [101.302196, 12.734571], [101.302142, 12.734352], [101.302121, 12.733933], [101.302292, 12.733619], [101.302625, 12.733295], [101.303505, 12.733012], [101.30461, 12.733002], [101.305307, 12.733169], [101.30549, 12.733399], [101.305661, 12.734006], [101.30565, 12.734571], [101.305608, 12.734728], [101.305457, 12.734948], [101.304781, 12.735471], [101.304148, 12.735649], [101.303365, 12.735639], [101.303097, 12.735503], [101.302947, 12.735367], [101.302925, 12.735283], [101.303601, 12.735555]]]}, "properties": {"layer": "web_unverified", "web_id": "1682", "title": "สนามกีฬาตาขัน หมู่บ้านทีทีโฮมตาขัน-บ้านเก่า", "depth_cm": 15, "severity": "moderate", "passability": "all_vehicles", "site_level": "flood", "district": "บ้านค่าย", "last_reported_at": "2026-09-30T12:02:18+07:00", "attribution": "rayongall.com (crowd-sourced, unverified)", "source_url": "https://74.rayongall.com/ry/flood-map/"}}, {"type": "Feature", "id": "web-rayongall-2850", "geometry": {"type": "LineString", "coordinates": [[101.280831, 12.6868], [101.280664, 12.686459], [101.280649, 12.685904], [101.28052, 12.68563], [101.280277, 12.685349], [101.28008, 12.684528]]}, "properties": {"layer": "web_unverified", "web_id": "2850", "title": "ถนนหลังวัดป่าซอย 1", "depth_cm": 90, "severity": "severe", "passability": "unknown", "site_level": "flood", "district": "เมืองระยอง", "last_reported_at": "2026-09-30T11:21:05+07:00", "attribution": "rayongall.com (crowd-sourced, unverified)", "source_url": "https://74.rayongall.com/ry/flood-map/"}}, {"type": "Feature", "id": "web-rayongall-2412", "geometry": {"type": "Polygon", "coordinates": [[[101.677723, 12.736191], [101.677146, 12.736871], [101.676084, 12.737671], [101.675386, 12.738559], [101.67393, 12.739446], [101.672564, 12.740778], [101.67135, 12.741518], [101.670592, 12.741696], [101.66956, 12.74288], [101.668832, 12.743265], [101.664978, 12.746165], [101.664067, 12.747616], [101.663339, 12.747734], [101.663248, 12.746639], [101.66431, 12.7451], [101.666616, 12.743916], [101.668559, 12.742614], [101.669894, 12.741341], [101.672625, 12.739387], [101.674051, 12.737641], [101.67657, 12.735569], [101.677055, 12.735421], [101.677511, 12.73548], [101.677632, 12.735599], [101.677602, 12.736072], [101.677723, 12.736191]]]}, "properties": {"layer": "web_unverified", "web_id": "2412", "title": "ทะเลน้อย", "depth_cm": 30, "severity": "moderate", "passability": "unknown", "site_level": "flood", "district": "แกลง", "last_reported_at": "2026-09-30T11:05:57+07:00", "attribution": "rayongall.com (crowd-sourced, unverified)", "source_url": "https://74.rayongall.com/ry/flood-map/"}}, {"type": "Feature", "id": "web-rayongall-879", "geometry": {"type": "LineString", "coordinates": [[101.649304, 12.78242], [101.64952, 12.782483], [101.649737, 12.782516], [101.649983, 12.78259], [101.650256, 12.782624], [101.650719, 12.782753]]}, "properties": {"layer": "web_unverified", "web_id": "879", "title": "ถนนหน้าธนาคารกรุงไทย", "depth_cm": 50, "severity": "severe", "passability": "all_vehicles", "site_level": "flood", "district": "แกลง", "last_reported_at": "2026-09-30T11:03:56+07:00", "attribution": "rayongall.com (crowd-sourced, unverified)", "source_url": "https://74.rayongall.com/ry/flood-map/"}}, {"type": "Feature", "id": "web-rayongall-2842", "geometry": {"type": "LineString", "coordinates": [[101.276264, 12.698193], [101.276119, 12.698172], [101.275975, 12.697978], [101.275856, 12.697942], [101.27583, 12.697874], [101.275808, 12.69757], [101.275706, 12.697287]]}, "properties": {"layer": "web_unverified", "web_id": "2842", "title": "ซอยทิพนาค", "depth_cm": 50, "severity": "severe", "passability": "unknown", "site_level": "flood", "district": "เมืองระยอง", "last_reported_at": "2026-09-30T10:21:00+07:00", "attribution": "rayongall.com (crowd-sourced, unverified)", "source_url": "https://74.rayongall.com/ry/flood-map/"}}, {"type": "Feature", "id": "web-rayongall-2825", "geometry": {"type": "Polygon", "coordinates": [[[101.260053, 12.695147], [101.25986, 12.695126], [101.259677, 12.695011], [101.259506, 12.69476], [101.259474, 12.694456], [101.25957, 12.694236], [101.25972, 12.69409], [101.260203, 12.69386], [101.261437, 12.693629], [101.262081, 12.693577], [101.262381, 12.693661], [101.262714, 12.693828], [101.263196, 12.694111], [101.263272, 12.694205], [101.263293, 12.694561], [101.263196, 12.694749], [101.262789, 12.69521], [101.262392, 12.695461], [101.261061, 12.69544], [101.260128, 12.695273], [101.259913, 12.695105], [101.259742, 12.695053], [101.259763, 12.695095], [101.260053, 12.695147]]]}, "properties": {"layer": "web_unverified", "web_id": "2825", "title": "ถนนหนองมะหาด หลังแม็คโคร หน้าซอยหนองมะหาด24", "depth_cm": 50, "severity": "severe", "passability": "unknown", "site_level": "flood", "district": "เมืองระยอง", "last_reported_at": "2026-09-30T09:33:47+07:00", "attribution": "rayongall.com (crowd-sourced, unverified)", "source_url": "https://74.rayongall.com/ry/flood-map/"}}, {"type": "Feature", "id": "web-rayongall-2824", "geometry": {"type": "Polygon", "coordinates": [[[101.239735, 12.693172], [101.239728, 12.693424], [101.239842, 12.694697], [101.239735, 12.693172]]]}, "properties": {"layer": "web_unverified", "web_id": "2824", "title": "หน้าบริษัทระยองตังเซ่ง", "depth_cm": null, "severity": "unknown", "passability": "all_vehicles", "site_level": "flood", "district": "เมืองระยอง", "last_reported_at": "2026-09-30T09:05:00+07:00", "attribution": "rayongall.com (crowd-sourced, unverified)", "source_url": "https://74.rayongall.com/ry/flood-map/"}}, {"type": "Feature", "id": "web-rayongall-2823", "geometry": {"type": "Polygon", "coordinates": [[[101.262011, 12.691641], [101.261995, 12.69151], [101.262059, 12.691306], [101.262097, 12.691055], [101.262086, 12.690673], [101.262118, 12.690327], [101.262145, 12.690238], [101.262268, 12.690228], [101.26236, 12.6904], [101.262408, 12.69062], [101.262376, 12.691149], [101.262386, 12.691583], [101.262043, 12.691599], [101.262, 12.691594], [101.261979, 12.691562], [101.262016, 12.691567], [101.262011, 12.691641]]]}, "properties": {"layer": "web_unverified", "web_id": "2823", "title": "หมู่บ้านเฮอริเทจ เดอะแซนด์", "depth_cm": 30, "severity": "moderate", "passability": "unknown", "site_level": "flood", "district": "เมืองระยอง", "last_reported_at": "2026-09-30T09:04:32+07:00", "attribution": "rayongall.com (crowd-sourced, unverified)", "source_url": "https://74.rayongall.com/ry/flood-map/"}}, {"type": "Feature", "id": "web-rayongall-2822", "geometry": {"type": "Polygon", "coordinates": [[[101.262495, 12.690145], [101.2632, 12.690626], [101.263481, 12.690708], [101.263549, 12.690634], [101.263724, 12.689923], [101.263223, 12.689634], [101.262995, 12.689553], [101.262692, 12.689523], [101.262563, 12.689597], [101.262427, 12.69016], [101.262495, 12.690145]]]}, "properties": {"layer": "web_unverified", "web_id": "2822", "title": "หมู่บ้านเฮอริเทจ เดอะแซนด์", "depth_cm": 30, "severity": "moderate", "passability": "unknown", "site_level": "flood", "district": "เมืองระยอง", "last_reported_at": "2026-09-30T09:03:00+07:00", "attribution": "rayongall.com (crowd-sourced, unverified)", "source_url": "https://74.rayongall.com/ry/flood-map/"}}, {"type": "Feature", "id": "web-rayongall-2812", "geometry": {"type": "Polygon", "coordinates": [[[101.3167, 12.694186], [101.309963, 12.693831], [101.303894, 12.691285], [101.301952, 12.690219], [101.300738, 12.689153], [101.298735, 12.684417], [101.301648, 12.684298], [101.302862, 12.684772], [101.307353, 12.688028], [101.312391, 12.69016], [101.315972, 12.691048], [101.318096, 12.692765], [101.31761, 12.693831], [101.316518, 12.694778], [101.3167, 12.694186]]]}, "properties": {"layer": "web_unverified", "web_id": "2812", "title": "ชากใหญ่-เฮาส์ซิ่ง", "depth_cm": 50, "severity": "severe", "passability": "unknown", "site_level": "flood", "district": "เมืองระยอง", "last_reported_at": "2026-09-30T09:02:50+07:00", "attribution": "rayongall.com (crowd-sourced, unverified)", "source_url": "https://74.rayongall.com/ry/flood-map/"}}, {"type": "Feature", "id": "web-rayongall-2551", "geometry": {"type": "LineString", "coordinates": [[101.24764, 12.702055], [101.25236, 12.700548], [101.254034, 12.699501], [101.255236, 12.699417], [101.255922, 12.699124], [101.261072, 12.69812], [101.262145, 12.698078], [101.262274, 12.698329]]}, "properties": {"layer": "web_unverified", "web_id": "2551", "title": "ถนนเส้น 36 หน้าวัดทับมา-แยกเกาะกลอย", "depth_cm": 30, "severity": "moderate", "passability": "all_vehicles", "site_level": "flood", "district": "เมืองระยอง", "last_reported_at": "2026-09-30T08:38:06+07:00", "attribution": "rayongall.com (crowd-sourced, unverified)", "source_url": "https://74.rayongall.com/ry/flood-map/"}}, {"type": "Feature", "id": "web-rayongall-2743", "geometry": {"type": "LineString", "coordinates": [[101.284719, 12.744063], [101.285019, 12.74444], [101.285169, 12.744879], [101.285191, 12.745633], [101.285555, 12.746281], [101.285577, 12.746637], [101.28607, 12.748353], [101.286306, 12.748625], [101.286542, 12.749253], [101.287122, 12.751681]]}, "properties": {"layer": "web_unverified", "web_id": "2743", "title": "เส้นแยกมังคุดไป ปตท บ้านค่าย", "depth_cm": 30, "severity": "moderate", "passability": "unknown", "site_level": "flood", "district": "บ้านค่าย", "last_reported_at": "2026-09-30T08:17:00+07:00", "attribution": "rayongall.com (crowd-sourced, unverified)", "source_url": "https://74.rayongall.com/ry/flood-map/"}}, {"type": "Feature", "id": "web-rayongall-2700", "geometry": {"type": "LineString", "coordinates": [[101.267048, 12.694299], [101.267177, 12.693975], [101.267906, 12.693075], [101.26826, 12.692478]]}, "properties": {"layer": "web_unverified", "web_id": "2700", "title": "ถนนหลังเซ็นทัล", "depth_cm": 30, "severity": "moderate", "passability": "all_vehicles", "site_level": "flood", "district": "เมืองระยอง", "last_reported_at": "2026-09-30T08:02:01+07:00", "attribution": "rayongall.com (crowd-sourced, unverified)", "source_url": "https://74.rayongall.com/ry/flood-map/"}}, {"type": "Feature", "id": "web-rayongall-2818", "geometry": {"type": "Point", "coordinates": [101.273228, 12.68356]}, "properties": {"layer": "web_unverified", "web_id": "2818", "title": "ศูนย์การค้าระยอง", "depth_cm": 30, "severity": "moderate", "passability": "impassable", "site_level": "flood", "district": "เมืองระยอง", "last_reported_at": "2026-09-30T07:58:23+07:00", "attribution": "rayongall.com (crowd-sourced, unverified)", "source_url": "https://74.rayongall.com/ry/flood-map/"}}, {"type": "Feature", "id": "web-rayongall-2817", "geometry": {"type": "Polygon", "coordinates": [[[101.669105, 12.767179], [101.668377, 12.767268], [101.666465, 12.766765], [101.66519, 12.766705], [101.664341, 12.767061], [101.664007, 12.767386], [101.663946, 12.76857], [101.664189, 12.768955], [101.665372, 12.769931], [101.666283, 12.770198], [101.666799, 12.77073], [101.667345, 12.770908], [101.667557, 12.771174], [101.669014, 12.771441], [101.669469, 12.771973], [101.669985, 12.773068], [101.669772, 12.774578], [101.670683, 12.774874], [101.671381, 12.774193], [101.67305, 12.773068], [101.673353, 12.772388], [101.673323, 12.772062], [101.670835, 12.768984], [101.66865, 12.767031], [101.669105, 12.767179]]]}, "properties": {"layer": "web_unverified", "web_id": "2817", "title": "แหลมยางซอย6", "depth_cm": 30, "severity": "moderate", "passability": "unknown", "site_level": "flood", "district": "แกลง", "last_reported_at": "2026-09-30T07:55:04+07:00", "attribution": "rayongall.com (crowd-sourced, unverified)", "source_url": "https://74.rayongall.com/ry/flood-map/"}}, {"type": "Feature", "id": "web-rayongall-2815", "geometry": {"type": "Polygon", "coordinates": [[[101.273786, 12.70082], [101.27443, 12.700788], [101.275513, 12.700851], [101.275631, 12.700474], [101.275631, 12.699836], [101.274945, 12.699731], [101.273711, 12.6997], [101.273625, 12.700202], [101.273657, 12.700904], [101.273786, 12.70082]]]}, "properties": {"layer": "web_unverified", "web_id": "2815", "title": "สำนักงานศึกษาธิการจังหวัดระยอง", "depth_cm": 50, "severity": "severe", "passability": "impassable", "site_level": "flood", "district": "เมืองระยอง", "last_reported_at": "2026-09-30T07:53:08+07:00", "attribution": "rayongall.com (crowd-sourced, unverified)", "source_url": "https://74.rayongall.com/ry/flood-map/"}}, {"type": "Feature", "id": "web-rayongall-2809", "geometry": {"type": "Polygon", "coordinates": [[[101.2737, 12.687402], [101.273518, 12.686041], [101.273518, 12.685507], [101.273657, 12.684963], [101.273743, 12.684879], [101.273764, 12.685308], [101.273957, 12.686449], [101.273957, 12.687245], [101.273882, 12.687433], [101.273754, 12.687444], [101.2737, 12.687402]]]}, "properties": {"layer": "web_unverified", "web_id": "2809", "title": "ซอยร้านวรรณ", "depth_cm": null, "severity": "unknown", "passability": "unknown", "site_level": "flood", "district": "เมืองระยอง", "last_reported_at": "2026-09-30T07:21:00+07:00", "attribution": "rayongall.com (crowd-sourced, unverified)", "source_url": "https://74.rayongall.com/ry/flood-map/"}}, {"type": "Feature", "id": "web-rayongall-2805", "geometry": {"type": "LineString", "coordinates": [[101.267509, 12.682315], [101.270271, 12.682255], [101.275126, 12.681752]]}, "properties": {"layer": "web_unverified", "web_id": "2805", "title": "เส้นสุขุมวิทหน้าสตาร์", "depth_cm": null, "severity": "unknown", "passability": "all_vehicles", "site_level": "flood", "district": "เมืองระยอง", "last_reported_at": "2026-09-30T07:18:04+07:00", "attribution": "rayongall.com (crowd-sourced, unverified)", "source_url": "https://74.rayongall.com/ry/flood-map/"}}, {"type": "Feature", "id": "web-rayongall-2563", "geometry": {"type": "Polygon", "coordinates": [[[101.284801, 12.680359], [101.284784, 12.680359], [101.284772, 12.680342], [101.284772, 12.680327], [101.284786, 12.680311], [101.284994, 12.680089], [101.285119, 12.679974], [101.28536, 12.679696], [101.285522, 12.679541], [101.28591, 12.679128], [101.286039, 12.679021], [101.286113, 12.678917], [101.286132, 12.67891], [101.286136, 12.678936], [101.286125, 12.678956], [101.286053, 12.679019], [101.285984, 12.679095], [101.285908, 12.679197], [101.285776, 12.679311], [101.285704, 12.679404], [101.285613, 12.679478], [101.285275, 12.679846], [101.285025, 12.680092], [101.28493, 12.680218], [101.284861, 12.680281], [101.284795, 12.680362], [101.284801, 12.680359]]]}, "properties": {"layer": "web_unverified", "web_id": "2563", "title": "ถ.สุขุมวิท", "depth_cm": 30, "severity": "moderate", "passability": "all_vehicles", "site_level": "flood", "district": "เมืองระยอง", "last_reported_at": "2026-09-30T07:15:51+07:00", "attribution": "rayongall.com (crowd-sourced, unverified)", "source_url": "https://74.rayongall.com/ry/flood-map/"}}, {"type": "Feature", "id": "web-rayongall-2801", "geometry": {"type": "LineString", "coordinates": [[101.273453, 12.684398], [101.273469, 12.684434], [101.273673, 12.684476], [101.273823, 12.684539], [101.274617, 12.684602]]}, "properties": {"layer": "web_unverified", "web_id": "2801", "title": "ไฟแดงจุฬารัตน์", "depth_cm": null, "severity": "unknown", "passability": "unknown", "site_level": "flood", "district": "เมืองระยอง", "last_reported_at": "2026-09-30T07:12:35+07:00", "attribution": "rayongall.com (crowd-sourced, unverified)", "source_url": "https://74.rayongall.com/ry/flood-map/"}}, {"type": "Feature", "id": "web-rayongall-2754", "geometry": {"type": "Polygon", "coordinates": [[[101.286972, 12.76294], [101.287851, 12.762783], [101.289418, 12.762072], [101.289439, 12.761915], [101.28916, 12.761643], [101.288806, 12.761622], [101.28768, 12.762093], [101.286864, 12.762354], [101.286682, 12.762522], [101.28666, 12.762742], [101.286703, 12.762867], [101.286961, 12.763118], [101.286972, 12.76294]]]}, "properties": {"layer": "web_unverified", "web_id": "2754", "title": "ซอยข้างรร บ้านค่าย", "depth_cm": 30, "severity": "moderate", "passability": "all_vehicles", "site_level": "flood", "district": "บ้านค่าย", "last_reported_at": "2026-09-30T06:43:15+07:00", "attribution": "rayongall.com (crowd-sourced, unverified)", "source_url": "https://74.rayongall.com/ry/flood-map/"}}, {"type": "Feature", "id": "web-rayongall-2795", "geometry": {"type": "Polygon", "coordinates": [[[101.313074, 12.694985], [101.313248, 12.695], [101.313339, 12.695045], [101.313362, 12.695119], [101.313324, 12.695207], [101.313172, 12.695259], [101.311852, 12.695267], [101.311776, 12.695207], [101.311784, 12.695148], [101.311852, 12.695074], [101.311973, 12.69503], [101.313074, 12.694985]]]}, "properties": {"layer": "web_unverified", "web_id": "2795", "title": "ซอยทางไปหมู่บ้านนวพร1", "depth_cm": 50, "severity": "severe", "passability": "impassable", "site_level": "flood", "district": "เมืองระยอง", "last_reported_at": "2026-09-30T06:24:10+07:00", "attribution": "rayongall.com (crowd-sourced, unverified)", "source_url": "https://74.rayongall.com/ry/flood-map/"}}, {"type": "Feature", "id": "web-rayongall-1134", "geometry": {"type": "Polygon", "coordinates": [[[101.285663, 12.782172], [101.285663, 12.783093], [101.285834, 12.784013], [101.285856, 12.784767], [101.286199, 12.786022], [101.286285, 12.787382], [101.2865, 12.787989], [101.287057, 12.788136], [101.287744, 12.787403], [101.287894, 12.786943], [101.287894, 12.784955], [101.287508, 12.782946], [101.287336, 12.782381], [101.286929, 12.782025], [101.285877, 12.782005], [101.285684, 12.782109], [101.285663, 12.782298], [101.285663, 12.782172]]]}, "properties": {"layer": "web_unverified", "web_id": "1134", "title": "ก่อนถึงสะพานหนองละลอก", "depth_cm": 15, "severity": "moderate", "passability": "all_vehicles", "site_level": "flood", "district": "บ้านค่าย", "last_reported_at": "2026-09-30T02:12:33+07:00", "attribution": "rayongall.com (crowd-sourced, unverified)", "source_url": "https://74.rayongall.com/ry/flood-map/"}}, {"type": "Feature", "id": "web-rayongall-2790", "geometry": {"type": "LineString", "coordinates": [[101.288935, 12.703175], [101.288989, 12.702641], [101.289053, 12.702463]]}, "properties": {"layer": "web_unverified", "web_id": "2790", "title": "ซอยพัฒนประเสริฐ 15", "depth_cm": 15, "severity": "moderate", "passability": "all_vehicles", "site_level": "flood", "district": "เมืองระยอง", "last_reported_at": "2026-09-30T02:11:37+07:00", "attribution": "rayongall.com (crowd-sourced, unverified)", "source_url": "https://74.rayongall.com/ry/flood-map/"}}, {"type": "Feature", "id": "web-rayongall-2065", "geometry": {"type": "Polygon", "coordinates": [[[101.717324, 12.753535], [101.71693, 12.753032], [101.716034, 12.751419], [101.717218, 12.750812], [101.717946, 12.750324], [101.718083, 12.750413], [101.718401, 12.750857], [101.719069, 12.752159], [101.719357, 12.752455], [101.718401, 12.753091], [101.717188, 12.753446], [101.717324, 12.753535]]]}, "properties": {"layer": "web_unverified", "web_id": "2065", "title": "หมู่บ้านจัดสรร 4 แยกคลองแพน", "depth_cm": 30, "severity": "moderate", "passability": "unknown", "site_level": "flood", "district": "แกลง", "last_reported_at": "2026-09-30T01:12:39+07:00", "attribution": "rayongall.com (crowd-sourced, unverified)", "source_url": "https://74.rayongall.com/ry/flood-map/"}}, {"type": "Feature", "id": "web-rayongall-754", "geometry": {"type": "LineString", "coordinates": [[101.312807, 12.715284], [101.312683, 12.715085], [101.312651, 12.714975], [101.312528, 12.714745], [101.312324, 12.714426], [101.312227, 12.71418]]}, "properties": {"layer": "web_unverified", "web_id": "754", "title": "ซอยถนนหนองบัวแดง ตาขขัน", "depth_cm": 50, "severity": "severe", "passability": "unknown", "site_level": "flood", "district": "บ้านค่าย", "last_reported_at": "2026-09-30T01:03:02+07:00", "attribution": "rayongall.com (crowd-sourced, unverified)", "source_url": "https://74.rayongall.com/ry/flood-map/"}}, {"type": "Feature", "id": "web-rayongall-2559", "geometry": {"type": "Polygon", "coordinates": [[[101.310396, 12.666431], [101.310304, 12.666431], [101.31013, 12.666335], [101.310009, 12.666187], [101.309857, 12.66589], [101.309849, 12.66572], [101.310047, 12.665372], [101.31016, 12.665246], [101.310509, 12.665091], [101.31098, 12.665024], [101.311177, 12.665054], [101.311382, 12.665143], [101.311564, 12.665365], [101.311723, 12.665861], [101.31164, 12.66612], [101.311556, 12.666216], [101.311313, 12.666386], [101.310927, 12.666497], [101.310616, 12.666468], [101.310251, 12.666364], [101.310396, 12.666431]]]}, "properties": {"layer": "web_unverified", "web_id": "2559", "title": "หมู่บ้านอรุ่มเริ่มมีน้ำดันมาแล้วครับ", "depth_cm": 15, "severity": "moderate", "passability": "all_vehicles", "site_level": "flood", "district": "เมืองระยอง", "last_reported_at": "2026-09-29T23:25:26+07:00", "attribution": "rayongall.com (crowd-sourced, unverified)", "source_url": "https://74.rayongall.com/ry/flood-map/"}}, {"type": "Feature", "id": "web-rayongall-2774", "geometry": {"type": "Polygon", "coordinates": [[[101.329646, 12.701553], [101.329361, 12.701563], [101.329088, 12.70139], [101.32898, 12.701139], [101.32905, 12.700966], [101.329125, 12.700909], [101.329173, 12.700909], [101.329426, 12.701087], [101.329635, 12.701322], [101.329688, 12.701453], [101.329672, 12.701505], [101.329646, 12.701553]]]}, "properties": {"layer": "web_unverified", "web_id": "2774", "title": "ม.1 ต.บ้านแลง อ.เมืองระยอง", "depth_cm": 50, "severity": "severe", "passability": "impassable", "site_level": "flood", "district": "เมืองระยอง", "last_reported_at": "2026-09-29T23:14:00+07:00", "attribution": "rayongall.com (crowd-sourced, unverified)", "source_url": "https://74.rayongall.com/ry/flood-map/"}}, {"type": "Feature", "id": "web-rayongall-2725", "geometry": {"type": "Polygon", "coordinates": [[[101.284185, 12.681558], [101.283938, 12.6816], [101.283871, 12.6816], [101.283871, 12.681645], [101.283925, 12.681786], [101.283959, 12.681954], [101.283962, 12.681998], [101.283946, 12.682048], [101.283898, 12.6821], [101.283812, 12.682155], [101.283589, 12.682239], [101.283501, 12.682239], [101.283495, 12.682166], [101.283514, 12.682139], [101.283635, 12.682058], [101.283702, 12.68203], [101.283731, 12.682003], [101.28375, 12.681956], [101.283756, 12.68187], [101.283723, 12.681647], [101.283691, 12.681564], [101.283686, 12.681509], [101.28371, 12.68149], [101.283766, 12.681477], [101.284112, 12.681443], [101.284158, 12.681475], [101.284171, 12.681511], [101.284171, 12.681574], [101.284185, 12.681558]]]}, "properties": {"layer": "web_unverified", "web_id": "2725", "title": "ซ.ตลาดเสรี", "depth_cm": 30, "severity": "moderate", "passability": "unknown", "site_level": "flood", "district": "เมืองระยอง", "last_reported_at": "2026-09-29T23:00:29+07:00", "attribution": "rayongall.com (crowd-sourced, unverified)", "source_url": "https://74.rayongall.com/ry/flood-map/"}}, {"type": "Feature", "id": "web-rayongall-2771", "geometry": {"type": "LineString", "coordinates": [[101.284913, 12.683454], [101.284943, 12.683336], [101.285929, 12.682936], [101.286582, 12.682507], [101.286824, 12.682433]]}, "properties": {"layer": "web_unverified", "web_id": "2771", "title": "ซอยชัยบรรจงเวช", "depth_cm": 30, "severity": "moderate", "passability": "unknown", "site_level": "flood", "district": "เมืองระยอง", "last_reported_at": "2026-09-29T22:56:00+07:00", "attribution": "rayongall.com (crowd-sourced, unverified)", "source_url": "https://74.rayongall.com/ry/flood-map/"}}, {"type": "Feature", "id": "web-rayongall-2757", "geometry": {"type": "Polygon", "coordinates": [[[101.332397, 12.693697], [101.332135, 12.693823], [101.332, 12.693854], [101.331818, 12.693792], [101.331695, 12.693666], [101.331593, 12.693441], [101.331577, 12.693111], [101.331663, 12.692871], [101.331754, 12.692724], [101.331823, 12.692672], [101.331968, 12.69264], [101.332178, 12.692698], [101.332349, 12.692818], [101.332446, 12.692939], [101.332532, 12.693164], [101.33258, 12.693499], [101.332564, 12.693567], [101.332499, 12.69365], [101.332387, 12.693708], [101.332397, 12.693697]]]}, "properties": {"layer": "web_unverified", "web_id": "2757", "title": "วงเวียนหลังโรงเรียนบ้านแลงถึงเจดีย์เก่า", "depth_cm": 50, "severity": "severe", "passability": "unknown", "site_level": "flood", "district": "เมืองระยอง", "last_reported_at": "2026-09-29T22:33:33+07:00", "attribution": "rayongall.com (crowd-sourced, unverified)", "source_url": "https://74.rayongall.com/ry/flood-map/"}}, {"type": "Feature", "id": "web-rayongall-2761", "geometry": {"type": "LineString", "coordinates": [[101.281832, 12.734425], [101.282498, 12.736507], [101.28268, 12.736895], [101.282809, 12.737324], [101.28282, 12.737523], [101.282927, 12.737816], [101.283002, 12.737826], [101.283141, 12.737669], [101.283163, 12.737564], [101.282755, 12.736371], [101.282755, 12.736173], [101.282637, 12.73567], [101.282283, 12.734802], [101.282229, 12.734509], [101.282111, 12.734415], [101.281865, 12.734404]]}, "properties": {"layer": "web_unverified", "web_id": "2761", "title": "หน้าอู่AV ออร์โต้เซอร์วิส", "depth_cm": null, "severity": "unknown", "passability": "all_vehicles", "site_level": "flood", "district": "บ้านค่าย", "last_reported_at": "2026-09-29T22:21:00+07:00", "attribution": "rayongall.com (crowd-sourced, unverified)", "source_url": "https://74.rayongall.com/ry/flood-map/"}}, {"type": "Feature", "id": "web-rayongall-2753", "geometry": {"type": "Polygon", "coordinates": [[[101.275316, 12.745455], [101.274929, 12.745485], [101.274223, 12.745677], [101.273548, 12.745773], [101.27329, 12.745995], [101.273214, 12.746284], [101.273214, 12.746498], [101.273647, 12.747401], [101.273829, 12.748045], [101.273996, 12.748274], [101.274451, 12.748274], [101.274694, 12.7482], [101.275513, 12.748097], [101.275763, 12.747963], [101.275862, 12.747808], [101.275923, 12.747571], [101.275923, 12.747083], [101.275862, 12.746735], [101.275498, 12.745707], [101.275323, 12.745433], [101.275316, 12.745455]]]}, "properties": {"layer": "web_unverified", "web_id": "2753", "title": "ซอยครัวพร้าวคู่", "depth_cm": 90, "severity": "severe", "passability": "unknown", "site_level": "flood", "district": "บ้านค่าย", "last_reported_at": "2026-09-29T21:53:00+07:00", "attribution": "rayongall.com (crowd-sourced, unverified)", "source_url": "https://74.rayongall.com/ry/flood-map/"}}, {"type": "Feature", "id": "web-rayongall-2751", "geometry": {"type": "Polygon", "coordinates": [[[101.275717, 12.744251], [101.275696, 12.744408], [101.275792, 12.744848], [101.275717, 12.744251]]]}, "properties": {"layer": "web_unverified", "web_id": "2751", "title": "ซอยครัวพร้ามคู่เก่า", "depth_cm": 90, "severity": "severe", "passability": "unknown", "site_level": "flood", "district": "บ้านค่าย", "last_reported_at": "2026-09-29T21:49:24+07:00", "attribution": "rayongall.com (crowd-sourced, unverified)", "source_url": "https://74.rayongall.com/ry/flood-map/"}}, {"type": "Feature", "id": "web-rayongall-2749", "geometry": {"type": "Polygon", "coordinates": [[[101.281983, 12.698967], [101.282101, 12.698884], [101.282433, 12.698946], [101.282508, 12.699229], [101.282508, 12.699595], [101.28238, 12.699731], [101.282122, 12.699721], [101.281972, 12.699606], [101.281929, 12.699198], [101.282036, 12.698884], [101.281983, 12.698967]]]}, "properties": {"layer": "web_unverified", "web_id": "2749", "title": "อยู่ซอยพัฒนประเสริฐ8 เข้าซอยข้างป่ามัน", "depth_cm": 30, "severity": "moderate", "passability": "unknown", "site_level": "flood", "district": "เมืองระยอง", "last_reported_at": "2026-09-29T21:45:00+07:00", "attribution": "rayongall.com (crowd-sourced, unverified)", "source_url": "https://74.rayongall.com/ry/flood-map/"}}, {"type": "Feature", "id": "web-rayongall-2741", "geometry": {"type": "Polygon", "coordinates": [[[101.2793, 12.700553], [101.279043, 12.700527], [101.278871, 12.70072], [101.278791, 12.700951], [101.278571, 12.701244], [101.278576, 12.701369], [101.278689, 12.701683], [101.278748, 12.701746], [101.278887, 12.701825], [101.279005, 12.701809], [101.279107, 12.701704], [101.279204, 12.701689], [101.279225, 12.701631], [101.279209, 12.701505], [101.279145, 12.701464], [101.279129, 12.701333], [101.279064, 12.70127], [101.279011, 12.701013], [101.279123, 12.700982], [101.279359, 12.700982], [101.279515, 12.701055], [101.279601, 12.701055], [101.279891, 12.700945], [101.279923, 12.700872], [101.279917, 12.700736], [101.280009, 12.700611], [101.280014, 12.70048], [101.279815, 12.700438], [101.279676, 12.700443], [101.279418, 12.7006], [101.279392, 12.700825], [101.279011, 12.700825], [101.279016, 12.700757], [101.279199, 12.700741], [101.279274, 12.700679], [101.279333, 12.700668], [101.279333, 12.700569], [101.2793, 12.700553]]]}, "properties": {"layer": "web_unverified", "web_id": "2741", "title": "ถนนและบ้าน", "depth_cm": 30, "severity": "moderate", "passability": "all_vehicles", "site_level": "flood", "district": "เมืองระยอง", "last_reported_at": "2026-09-29T21:34:33+07:00", "attribution": "rayongall.com (crowd-sourced, unverified)", "source_url": "https://74.rayongall.com/ry/flood-map/"}}, {"type": "Feature", "id": "web-rayongall-828", "geometry": {"type": "Polygon", "coordinates": [[[101.6395, 13.049212], [101.638212, 13.048376], [101.637869, 13.04386], [101.640701, 13.041436], [101.642675, 13.044111], [101.64319, 13.047205], [101.64319, 13.048376], [101.641474, 13.048877], [101.6395, 13.049212]]]}, "properties": {"layer": "web_unverified", "web_id": "828", "title": "มะเดื่อ", "depth_cm": null, "severity": "unknown", "passability": "unknown", "site_level": "flood", "district": "เขาชะเมา", "last_reported_at": "2026-09-29T21:32:55+07:00", "attribution": "rayongall.com (crowd-sourced, unverified)", "source_url": "https://74.rayongall.com/ry/flood-map/"}}, {"type": "Feature", "id": "web-rayongall-1913", "geometry": {"type": "Polygon", "coordinates": [[[101.278847, 12.714996], [101.278694, 12.714918], [101.278563, 12.714761], [101.27852, 12.714677], [101.278515, 12.71463], [101.278528, 12.71457], [101.278576, 12.714528], [101.278667, 12.714546], [101.278802, 12.714611], [101.278847, 12.714656], [101.278909, 12.714776], [101.278928, 12.714855], [101.278906, 12.714912], [101.27882, 12.714973], [101.278756, 12.714957], [101.278847, 12.714996]]]}, "properties": {"layer": "web_unverified", "web_id": "1913", "title": "ซอยแรก เข้าตรงเสาไฟฟ้าเหลืองดำ ขวามือ", "depth_cm": 120, "severity": "severe", "passability": "impassable", "site_level": "flood", "district": "เมืองระยอง", "last_reported_at": "2026-09-29T21:28:07+07:00", "attribution": "rayongall.com (crowd-sourced, unverified)", "source_url": "https://74.rayongall.com/ry/flood-map/"}}, {"type": "Feature", "id": "web-rayongall-2737", "geometry": {"type": "Polygon", "coordinates": [[[101.282094, 12.707404], [101.282102, 12.70777], [101.282144, 12.708003], [101.282144, 12.708299], [101.282098, 12.708392], [101.282026, 12.708407], [101.281962, 12.70837], [101.281935, 12.708303], [101.281931, 12.708092], [101.281969, 12.707792], [101.281969, 12.707467], [101.282037, 12.707359], [101.282102, 12.707367], [101.28214, 12.707422], [101.282094, 12.707404]]]}, "properties": {"layer": "web_unverified", "web_id": "2737", "title": "ซอยพัฒนาประเสริฐ", "depth_cm": 30, "severity": "moderate", "passability": "unknown", "site_level": "flood", "district": "เมืองระยอง", "last_reported_at": "2026-09-29T21:25:00+07:00", "attribution": "rayongall.com (crowd-sourced, unverified)", "source_url": "https://74.rayongall.com/ry/flood-map/"}}, {"type": "Feature", "id": "web-rayongall-2733", "geometry": {"type": "Polygon", "coordinates": [[[101.300082, 12.678787], [101.300071, 12.678772], [101.30027, 12.678698], [101.300281, 12.678578], [101.30013, 12.678107], [101.300039, 12.677615], [101.299943, 12.677327], [101.299884, 12.67728], [101.299819, 12.67727], [101.299771, 12.677374], [101.299776, 12.677673], [101.30005, 12.678725], [101.300082, 12.678787]]]}, "properties": {"layer": "web_unverified", "web_id": "2733", "title": "ซอยร้านกาแฟชูใจ", "depth_cm": 50, "severity": "severe", "passability": "all_vehicles", "site_level": "flood", "district": "เมืองระยอง", "last_reported_at": "2026-09-29T21:19:00+07:00", "attribution": "rayongall.com (crowd-sourced, unverified)", "source_url": "https://74.rayongall.com/ry/flood-map/"}}, {"type": "Feature", "id": "web-rayongall-2713", "geometry": {"type": "Polygon", "coordinates": [[[101.293044, 12.707408], [101.292894, 12.707529], [101.292695, 12.707576], [101.292422, 12.707555], [101.2921, 12.707466], [101.29196, 12.707387], [101.291864, 12.707293], [101.291762, 12.707141], [101.291724, 12.707047], [101.291751, 12.706875], [101.291859, 12.706728], [101.292068, 12.706602], [101.292245, 12.706534], [101.29247, 12.706493], [101.292695, 12.706529], [101.292942, 12.706691], [101.293092, 12.706953], [101.293151, 12.707236], [101.293114, 12.707346], [101.293001, 12.70744], [101.293044, 12.707408]]]}, "properties": {"layer": "web_unverified", "web_id": "2713", "title": "บ้านดอน", "depth_cm": 90, "severity": "severe", "passability": "unknown", "site_level": "flood", "district": "เมืองระยอง", "last_reported_at": "2026-09-29T20:20:00+07:00", "attribution": "rayongall.com (crowd-sourced, unverified)", "source_url": "https://74.rayongall.com/ry/flood-map/"}}, {"type": "Feature", "id": "web-rayongall-2695", "geometry": {"type": "Polygon", "coordinates": [[[101.278957, 12.686191], [101.278897, 12.686174], [101.278866, 12.686156], [101.27876, 12.686026], [101.278663, 12.685751], [101.278633, 12.685597], [101.278629, 12.68543], [101.278656, 12.685332], [101.278703, 12.68526], [101.278737, 12.685231], [101.278777, 12.685253], [101.278798, 12.685284], [101.278849, 12.685456], [101.2789, 12.685543], [101.278971, 12.685738], [101.279016, 12.686115], [101.279016, 12.6862], [101.279005, 12.686215], [101.278952, 12.686209], [101.278957, 12.686191]]]}, "properties": {"layer": "web_unverified", "web_id": "2695", "title": "หลังวัดป่าซอย 3", "depth_cm": 30, "severity": "moderate", "passability": "unknown", "site_level": "flood", "district": "เมืองระยอง", "last_reported_at": "2026-09-29T20:04:59+07:00", "attribution": "rayongall.com (crowd-sourced, unverified)", "source_url": "https://74.rayongall.com/ry/flood-map/"}}, {"type": "Feature", "id": "web-rayongall-2694", "geometry": {"type": "Polygon", "coordinates": [[[101.322587, 12.71177], [101.322496, 12.711681], [101.322177, 12.711667], [101.322071, 12.711726], [101.322026, 12.712022], [101.322283, 12.712125], [101.322526, 12.712125], [101.322602, 12.711815], [101.32242, 12.711696], [101.322587, 12.71177]]]}, "properties": {"layer": "web_unverified", "web_id": "2694", "title": "ซอยโรงผ้าประดิษฐ์", "depth_cm": 50, "severity": "severe", "passability": "unknown", "site_level": "flood", "district": "เมืองระยอง", "last_reported_at": "2026-09-29T19:50:29+07:00", "attribution": "rayongall.com (crowd-sourced, unverified)", "source_url": "https://74.rayongall.com/ry/flood-map/"}}, {"type": "Feature", "id": "web-rayongall-2692", "geometry": {"type": "Polygon", "coordinates": [[[101.284332, 12.682074], [101.284558, 12.682733], [101.284772, 12.683163], [101.284332, 12.682074]]]}, "properties": {"layer": "web_unverified", "web_id": "2692", "title": "ซอยสุขุมวิท59", "depth_cm": 30, "severity": "moderate", "passability": "unknown", "site_level": "flood", "district": "เมืองระยอง", "last_reported_at": "2026-09-29T19:43:00+07:00", "attribution": "rayongall.com (crowd-sourced, unverified)", "source_url": "https://74.rayongall.com/ry/flood-map/"}}, {"type": "Feature", "id": "web-rayongall-2689", "geometry": {"type": "Polygon", "coordinates": [[[101.277407, 12.67785], [101.277659, 12.677788], [101.277755, 12.677735], [101.277766, 12.677688], [101.277407, 12.67785]]]}, "properties": {"layer": "web_unverified", "web_id": "2689", "title": "ซอยเด็กเล็ก", "depth_cm": 30, "severity": "moderate", "passability": "unknown", "site_level": "flood", "district": "เมืองระยอง", "last_reported_at": "2026-09-29T19:39:00+07:00", "attribution": "rayongall.com (crowd-sourced, unverified)", "source_url": "https://74.rayongall.com/ry/flood-map/"}}, {"type": "Feature", "id": "web-rayongall-2688", "geometry": {"type": "Polygon", "coordinates": [[[101.275905, 12.678819], [101.276468, 12.678902], [101.276833, 12.678908], [101.277037, 12.678819], [101.277192, 12.678782], [101.277267, 12.678819], [101.277552, 12.679122], [101.275905, 12.678819]]]}, "properties": {"layer": "web_unverified", "web_id": "2688", "title": "ถนนริมน้ำ", "depth_cm": 30, "severity": "moderate", "passability": "all_vehicles", "site_level": "flood", "district": "เมืองระยอง", "last_reported_at": "2026-09-29T19:37:00+07:00", "attribution": "rayongall.com (crowd-sourced, unverified)", "source_url": "https://74.rayongall.com/ry/flood-map/"}}, {"type": "Feature", "id": "web-rayongall-2686", "geometry": {"type": "Point", "coordinates": [101.375699, 12.634113]}, "properties": {"layer": "web_unverified", "web_id": "2686", "title": "ซอยข้างวัดช้างช่น", "depth_cm": 15, "severity": "moderate", "passability": "all_vehicles", "site_level": "flood", "district": "เมืองระยอง", "last_reported_at": "2026-09-29T19:37:00+07:00", "attribution": "rayongall.com (crowd-sourced, unverified)", "source_url": "https://74.rayongall.com/ry/flood-map/"}}, {"type": "Feature", "id": "web-rayongall-2672", "geometry": {"type": "Polygon", "coordinates": [[[101.287105, 12.683491], [101.287067, 12.683565], [101.286483, 12.683972], [101.286195, 12.684217], [101.28558, 12.684528], [101.285467, 12.684498], [101.285474, 12.684417], [101.285785, 12.684261], [101.286134, 12.68398], [101.286521, 12.683802], [101.286756, 12.68358], [101.286931, 12.683506], [101.287105, 12.683484], [101.287105, 12.683491]]]}, "properties": {"layer": "web_unverified", "web_id": "2672", "title": "เส้นวงเวียนสุนทรภู่ไปทางโรงทราย", "depth_cm": 50, "severity": "severe", "passability": "unknown", "site_level": "flood", "district": "เมืองระยอง", "last_reported_at": "2026-09-29T19:04:00+07:00", "attribution": "rayongall.com (crowd-sourced, unverified)", "source_url": "https://74.rayongall.com/ry/flood-map/"}}, {"type": "Feature", "id": "web-rayongall-2583", "geometry": {"type": "Point", "coordinates": [101.283115, 12.677407]}, "properties": {"layer": "web_unverified", "web_id": "2583", "title": "ซอยพินิจบำรุง", "depth_cm": 15, "severity": "moderate", "passability": "all_vehicles", "site_level": "flood", "district": "เมืองระยอง", "last_reported_at": "2026-09-29T19:03:25+07:00", "attribution": "rayongall.com (crowd-sourced, unverified)", "source_url": "https://74.rayongall.com/ry/flood-map/"}}, {"type": "Feature", "id": "web-rayongall-2666", "geometry": {"type": "LineString", "coordinates": [[101.31516, 12.688783], [101.31494, 12.688258], [101.314689, 12.687251], [101.314515, 12.686881], [101.314454, 12.686415]]}, "properties": {"layer": "web_unverified", "web_id": "2666", "title": "ซอยเข้าป่าเสม็ดคาเฟ่", "depth_cm": 50, "severity": "severe", "passability": "unknown", "site_level": "flood", "district": "เมืองระยอง", "last_reported_at": "2026-09-29T18:49:31+07:00", "attribution": "rayongall.com (crowd-sourced, unverified)", "source_url": "https://74.rayongall.com/ry/flood-map/"}}, {"type": "Feature", "id": "web-rayongall-2661", "geometry": {"type": "Polygon", "coordinates": [[[101.275741, 12.678745], [101.275685, 12.67877], [101.275651, 12.678776], [101.275568, 12.67877], [101.275521, 12.678749], [101.275513, 12.678726], [101.275513, 12.678675], [101.275521, 12.678656], [101.275513, 12.678573], [101.2755, 12.678515], [101.275501, 12.678493], [101.275547, 12.67849], [101.275568, 12.678516], [101.275569, 12.678545], [101.275552, 12.678599], [101.275548, 12.678638], [101.275551, 12.678663], [101.275563, 12.67868], [101.275615, 12.678692], [101.275647, 12.678653], [101.275665, 12.678641], [101.275725, 12.678641], [101.275769, 12.678668], [101.275765, 12.678718], [101.275748, 12.678738], [101.275741, 12.678745]]]}, "properties": {"layer": "web_unverified", "web_id": "2661", "title": "ซอยตัน ตรงถ.ริมน้ำ ตรงร้านข้าวแกงเจ๊ต่าย", "depth_cm": 50, "severity": "severe", "passability": "impassable", "site_level": "flood", "district": "เมืองระยอง", "last_reported_at": "2026-09-29T18:37:00+07:00", "attribution": "rayongall.com (crowd-sourced, unverified)", "source_url": "https://74.rayongall.com/ry/flood-map/"}}, {"type": "Feature", "id": "web-rayongall-2660", "geometry": {"type": "Polygon", "coordinates": [[[101.262317, 12.700569], [101.262456, 12.700527], [101.262606, 12.700558], [101.262681, 12.700652], [101.262735, 12.700862], [101.262596, 12.701186], [101.262488, 12.70127], [101.262263, 12.701322], [101.262124, 12.701322], [101.261834, 12.701207], [101.261619, 12.70104], [101.261437, 12.700736], [101.261458, 12.700621], [101.261576, 12.700527], [101.261995, 12.70037], [101.262403, 12.700338], [101.262617, 12.700391], [101.26266, 12.700454], [101.262317, 12.700569]]]}, "properties": {"layer": "web_unverified", "web_id": "2660", "title": "ซอย ซาลาเปา", "depth_cm": 30, "severity": "moderate", "passability": "all_vehicles", "site_level": "flood", "district": "เมืองระยอง", "last_reported_at": "2026-09-29T18:36:00+07:00", "attribution": "rayongall.com (crowd-sourced, unverified)", "source_url": "https://74.rayongall.com/ry/flood-map/"}}, {"type": "Feature", "id": "web-rayongall-594", "geometry": {"type": "Point", "coordinates": [101.665544, 12.786713]}, "properties": {"layer": "web_unverified", "web_id": "594", "title": "่ปั้มPTแยกโพธิทอง", "depth_cm": 50, "severity": "severe", "passability": "unknown", "site_level": "flood", "district": "แกลง", "last_reported_at": "2026-09-29T18:28:43+07:00", "attribution": "rayongall.com (crowd-sourced, unverified)", "source_url": "https://74.rayongall.com/ry/flood-map/"}}, {"type": "Feature", "id": "web-rayongall-2657", "geometry": {"type": "Polygon", "coordinates": [[[101.316533, 12.667275], [101.317261, 12.66837], [101.317443, 12.668814], [101.316685, 12.669673], [101.316548, 12.669747], [101.315623, 12.669747], [101.314287, 12.669347], [101.31412, 12.668592], [101.31412, 12.667733], [101.314181, 12.667645], [101.314758, 12.667497], [101.316002, 12.667393], [101.316609, 12.66726], [101.316533, 12.667275]]]}, "properties": {"layer": "web_unverified", "web_id": "2657", "title": "IRPCT", "depth_cm": 30, "severity": "moderate", "passability": "all_vehicles", "site_level": "flood", "district": "เมืองระยอง", "last_reported_at": "2026-09-29T18:27:00+07:00", "attribution": "rayongall.com (crowd-sourced, unverified)", "source_url": "https://74.rayongall.com/ry/flood-map/"}}, {"type": "Feature", "id": "web-rayongall-1576", "geometry": {"type": "Polygon", "coordinates": [[[101.292422, 12.764866], [101.291928, 12.763924], [101.291885, 12.763233], [101.291993, 12.76294], [101.292636, 12.762647], [101.292765, 12.762898], [101.292915, 12.764447], [101.292701, 12.764698], [101.292207, 12.76474], [101.292422, 12.764866]]]}, "properties": {"layer": "web_unverified", "web_id": "1576", "title": "ถนนแถวคลอง ตรงข้่มศาลเจ้าแม่หลักเมืองบ้านค่าย", "depth_cm": 50, "severity": "severe", "passability": "unknown", "site_level": "flood", "district": "บ้านค่าย", "last_reported_at": "2026-09-29T18:07:31+07:00", "attribution": "rayongall.com (crowd-sourced, unverified)", "source_url": "https://74.rayongall.com/ry/flood-map/"}}, {"type": "Feature", "id": "web-rayongall-2645", "geometry": {"type": "Polygon", "coordinates": [[[101.305597, 12.674757], [101.304878, 12.675009], [101.30476, 12.675082], [101.304739, 12.675207], [101.304932, 12.675312], [101.305221, 12.675249], [101.305672, 12.674988], [101.305822, 12.674841], [101.305833, 12.674768], [101.305597, 12.674757]]]}, "properties": {"layer": "web_unverified", "web_id": "2645", "title": "ซอยหลังAmazon ตรงข้าม ไทวัสดุ", "depth_cm": null, "severity": "unknown", "passability": "unknown", "site_level": "flood", "district": "เมืองระยอง", "last_reported_at": "2026-09-29T17:43:38+07:00", "attribution": "rayongall.com (crowd-sourced, unverified)", "source_url": "https://74.rayongall.com/ry/flood-map/"}}, {"type": "Feature", "id": "web-rayongall-2642", "geometry": {"type": "Polygon", "coordinates": [[[101.273535, 12.676169], [101.27352, 12.676179], [101.273425, 12.676186], [101.273249, 12.676225], [101.273099, 12.676284], [101.273072, 12.676284], [101.273048, 12.676255], [101.273, 12.676166], [101.272966, 12.676092], [101.272962, 12.676055], [101.272987, 12.676029], [101.273125, 12.675966], [101.273256, 12.675922], [101.273311, 12.67589], [101.273343, 12.67589], [101.273512, 12.676075], [101.273541, 12.676129], [101.273543, 12.676175], [101.273535, 12.676169]]]}, "properties": {"layer": "web_unverified", "web_id": "2642", "title": "ชุมชนหลังวัดโขดทิมทาราม", "depth_cm": 50, "severity": "severe", "passability": "unknown", "site_level": "flood", "district": "เมืองระยอง", "last_reported_at": "2026-09-29T17:33:21+07:00", "attribution": "rayongall.com (crowd-sourced, unverified)", "source_url": "https://74.rayongall.com/ry/flood-map/"}}, {"type": "Feature", "id": "web-rayongall-2633", "geometry": {"type": "Polygon", "coordinates": [[[101.295689, 12.682393], [101.295764, 12.682231], [101.295828, 12.682158], [101.296145, 12.682163], [101.296311, 12.682268], [101.296413, 12.682241], [101.296536, 12.682508], [101.296531, 12.682597], [101.296477, 12.682629], [101.296139, 12.68265], [101.295839, 12.682639], [101.295758, 12.682624], [101.295581, 12.682456], [101.295689, 12.682393]]]}, "properties": {"layer": "web_unverified", "web_id": "2633", "title": "ซอยรุ่งเรือง", "depth_cm": 30, "severity": "moderate", "passability": "unknown", "site_level": "flood", "district": "เมืองระยอง", "last_reported_at": "2026-09-29T16:58:42+07:00", "attribution": "rayongall.com (crowd-sourced, unverified)", "source_url": "https://74.rayongall.com/ry/flood-map/"}}, {"type": "Feature", "id": "web-rayongall-2625", "geometry": {"type": "Polygon", "coordinates": [[[101.293194, 12.694864], [101.292733, 12.694676], [101.292357, 12.694603], [101.292025, 12.694592], [101.291435, 12.694739], [101.291209, 12.694917], [101.291049, 12.695189], [101.291016, 12.695356], [101.291049, 12.695859], [101.291263, 12.696298], [101.291682, 12.696602], [101.292218, 12.696769], [101.292701, 12.696738], [101.292958, 12.696633], [101.293151, 12.696476], [101.293377, 12.696089], [101.293441, 12.695587], [101.293409, 12.695294], [101.293141, 12.694823], [101.292797, 12.694498], [101.293194, 12.694864]]]}, "properties": {"layer": "web_unverified", "web_id": "2625", "title": "รพ.ศรีระยอง", "depth_cm": 50, "severity": "severe", "passability": "unknown", "site_level": "flood", "district": "เมืองระยอง", "last_reported_at": "2026-09-29T16:48:23+07:00", "attribution": "rayongall.com (crowd-sourced, unverified)", "source_url": "https://74.rayongall.com/ry/flood-map/"}}, {"type": "Feature", "id": "web-rayongall-2624", "geometry": {"type": "Polygon", "coordinates": [[[101.28596, 12.745781], [101.288418, 12.745633], [101.288569, 12.746224], [101.288721, 12.746284], [101.290511, 12.746284], [101.290329, 12.745751], [101.288994, 12.745929], [101.288387, 12.744922], [101.28775, 12.744922], [101.286597, 12.745277], [101.285869, 12.745277], [101.28596, 12.745751], [101.286172, 12.746106], [101.286324, 12.746106], [101.28596, 12.745781]]]}, "properties": {"layer": "web_unverified", "web_id": "2624", "title": "ซอยน้ำโฉ่", "depth_cm": 50, "severity": "severe", "passability": "unknown", "site_level": "flood", "district": "บ้านค่าย", "last_reported_at": "2026-09-29T16:47:54+07:00", "attribution": "rayongall.com (crowd-sourced, unverified)", "source_url": "https://74.rayongall.com/ry/flood-map/"}}, {"type": "Feature", "id": "web-rayongall-2623", "geometry": {"type": "Polygon", "coordinates": [[[101.330234, 12.685364], [101.329506, 12.687614], [101.327806, 12.689035], [101.32635, 12.689094], [101.324165, 12.688206], [101.321677, 12.693416], [101.321191, 12.693653], [101.319916, 12.693535], [101.319856, 12.693002], [101.32113, 12.691107], [101.322283, 12.687851], [101.322162, 12.686963], [101.321494, 12.68643], [101.321191, 12.685364], [101.322708, 12.685245], [101.32459, 12.686489], [101.326957, 12.687555], [101.327078, 12.686548], [101.326168, 12.685601], [101.327139, 12.683884], [101.328474, 12.67968], [101.329445, 12.678199], [101.330052, 12.677903], [101.330416, 12.678022], [101.330537, 12.679028], [101.327746, 12.684594], [101.327442, 12.687732], [101.327988, 12.687732], [101.328838, 12.686844], [101.32987, 12.686548], [101.330234, 12.685364]]]}, "properties": {"layer": "web_unverified", "web_id": "2623", "title": "เขตประกอบการirpc", "depth_cm": 50, "severity": "severe", "passability": "unknown", "site_level": "flood", "district": "เมืองระยอง", "last_reported_at": "2026-09-29T16:45:00+07:00", "attribution": "rayongall.com (crowd-sourced, unverified)", "source_url": "https://74.rayongall.com/ry/flood-map/"}}, {"type": "Feature", "id": "web-rayongall-2616", "geometry": {"type": "Polygon", "coordinates": [[[101.284434, 12.681878], [101.284405, 12.681878], [101.284383, 12.681857], [101.284367, 12.681825], [101.284367, 12.681791], [101.284391, 12.681781], [101.284536, 12.681781], [101.284603, 12.68176], [101.28492, 12.681726], [101.285056, 12.681676], [101.285166, 12.681598], [101.285207, 12.681598], [101.285212, 12.681687], [101.28514, 12.681726], [101.285115, 12.681757], [101.285132, 12.68188], [101.285105, 12.681901], [101.285046, 12.681899], [101.285027, 12.681802], [101.284995, 12.681765], [101.284957, 12.681765], [101.284898, 12.681804], [101.284858, 12.681812], [101.284405, 12.681878], [101.284434, 12.681878]]]}, "properties": {"layer": "web_unverified", "web_id": "2616", "title": "ซอยเสรีซอย 2", "depth_cm": 40, "severity": "severe", "passability": "unknown", "site_level": "flood", "district": "เมืองระยอง", "last_reported_at": "2026-09-29T16:35:03+07:00", "attribution": "rayongall.com (crowd-sourced, unverified)", "source_url": "https://74.rayongall.com/ry/flood-map/"}}, {"type": "Feature", "id": "web-rayongall-2608", "geometry": {"type": "Polygon", "coordinates": [[[101.276279, 12.683528], [101.275672, 12.68415], [101.27543, 12.68415], [101.274883, 12.683617], [101.275066, 12.683114], [101.276006, 12.683084], [101.276401, 12.683232], [101.276674, 12.683647], [101.276583, 12.684002], [101.276158, 12.684417], [101.275885, 12.684387], [101.275672, 12.68418], [101.276279, 12.683528]]]}, "properties": {"layer": "web_unverified", "web_id": "2608", "title": "ทางแยก", "depth_cm": 50, "severity": "severe", "passability": "unknown", "site_level": "flood", "district": "เมืองระยอง", "last_reported_at": "2026-09-29T16:21:00+07:00", "attribution": "rayongall.com (crowd-sourced, unverified)", "source_url": "https://74.rayongall.com/ry/flood-map/"}}, {"type": "Feature", "id": "web-rayongall-2606", "geometry": {"type": "Polygon", "coordinates": [[[101.270836, 12.681193], [101.270696, 12.681169], [101.27069, 12.681151], [101.270635, 12.681121], [101.270614, 12.681066], [101.270616, 12.681021], [101.270635, 12.680966], [101.27065, 12.680943], [101.270692, 12.680919], [101.270768, 12.680903], [101.270912, 12.680845], [101.270973, 12.680855], [101.271007, 12.680877], [101.27105, 12.680956], [101.271103, 12.680973], [101.271113, 12.681034], [101.271096, 12.68109], [101.271045, 12.681145], [101.270988, 12.681175], [101.270952, 12.681208], [101.270918, 12.681221], [101.270866, 12.681219], [101.270813, 12.681175], [101.270836, 12.681193]]]}, "properties": {"layer": "web_unverified", "web_id": "2606", "title": "คลองขุด", "depth_cm": null, "severity": "unknown", "passability": "unknown", "site_level": "flood", "district": "เมืองระยอง", "last_reported_at": "2026-09-29T16:12:00+07:00", "attribution": "rayongall.com (crowd-sourced, unverified)", "source_url": "https://74.rayongall.com/ry/flood-map/"}}, {"type": "Feature", "id": "web-rayongall-2598", "geometry": {"type": "Polygon", "coordinates": [[[101.276826, 12.676971], [101.276901, 12.677156], [101.277326, 12.677785], [101.276826, 12.676971]]]}, "properties": {"layer": "web_unverified", "web_id": "2598", "title": "ซอยบ้านเด็กเล็ก2", "depth_cm": 15, "severity": "moderate", "passability": "all_vehicles", "site_level": "flood", "district": "เมืองระยอง", "last_reported_at": "2026-09-29T15:57:53+07:00", "attribution": "rayongall.com (crowd-sourced, unverified)", "source_url": "https://74.rayongall.com/ry/flood-map/"}}, {"type": "Feature", "id": "web-rayongall-2593", "geometry": {"type": "Polygon", "coordinates": [[[101.248672, 12.689294], [101.248559, 12.689235], [101.248467, 12.688976], [101.248467, 12.688739], [101.248308, 12.687954], [101.248338, 12.687902], [101.248384, 12.687932], [101.248551, 12.688509], [101.248566, 12.688865], [101.248642, 12.689175], [101.248642, 12.689324], [101.248672, 12.689294]]]}, "properties": {"layer": "web_unverified", "web_id": "2593", "title": "ซอยข้างหมู่บ้านกุญสิริ", "depth_cm": 30, "severity": "moderate", "passability": "unknown", "site_level": "flood", "district": "เมืองระยอง", "last_reported_at": "2026-09-29T15:44:00+07:00", "attribution": "rayongall.com (crowd-sourced, unverified)", "source_url": "https://74.rayongall.com/ry/flood-map/"}}, {"type": "Feature", "id": "web-rayongall-2590", "geometry": {"type": "Point", "coordinates": [101.237619, 12.735419]}, "properties": {"layer": "web_unverified", "web_id": "2590", "title": "ยางปีนตอ1", "depth_cm": 30, "severity": "moderate", "passability": "unknown", "site_level": "flood", "district": "เมืองระยอง", "last_reported_at": "2026-09-29T15:31:00+07:00", "attribution": "rayongall.com (crowd-sourced, unverified)", "source_url": "https://74.rayongall.com/ry/flood-map/"}}, {"type": "Feature", "id": "web-rayongall-2589", "geometry": {"type": "Polygon", "coordinates": [[[101.291551, 12.69423], [101.291794, 12.69416], [101.292165, 12.69396], [101.292446, 12.693879], [101.292693, 12.693783], [101.292871, 12.693661], [101.29289, 12.693627], [101.292878, 12.693564], [101.292734, 12.693361], [101.292658, 12.693327], [101.292143, 12.693483], [101.291904, 12.693605], [101.291479, 12.693772], [101.291437, 12.693801], [101.29141, 12.693868], [101.29141, 12.694134], [101.291467, 12.694223], [101.291543, 12.694249], [101.291619, 12.694238], [101.291551, 12.69423]]]}, "properties": {"layer": "web_unverified", "web_id": "2589", "title": "ตึกแถวรพ.ศรีระยอง", "depth_cm": 30, "severity": "moderate", "passability": "impassable", "site_level": "flood", "district": "เมืองระยอง", "last_reported_at": "2026-09-29T15:31:44+07:00", "attribution": "rayongall.com (crowd-sourced, unverified)", "source_url": "https://74.rayongall.com/ry/flood-map/"}}, {"type": "Feature", "id": "web-rayongall-2587", "geometry": {"type": "Polygon", "coordinates": [[[101.294568, 12.681729], [101.295168, 12.681488], [101.295608, 12.681509], [101.295683, 12.681624], [101.294568, 12.681729]]]}, "properties": {"layer": "web_unverified", "web_id": "2587", "title": "ซอยรุ่งเรือง1", "depth_cm": 50, "severity": "severe", "passability": "all_vehicles", "site_level": "flood", "district": "เมืองระยอง", "last_reported_at": "2026-09-29T15:24:00+07:00", "attribution": "rayongall.com (crowd-sourced, unverified)", "source_url": "https://74.rayongall.com/ry/flood-map/"}}, {"type": "Feature", "id": "web-rayongall-2351", "geometry": {"type": "Polygon", "coordinates": [[[101.299597, 12.678997], [101.299693, 12.678986], [101.300214, 12.678811], [101.300232, 12.678827], [101.300238, 12.6789], [101.30001, 12.678999], [101.299758, 12.679025], [101.29961, 12.679073], [101.299452, 12.67907], [101.299457, 12.679028], [101.299484, 12.678989], [101.299559, 12.678991], [101.299661, 12.678973], [101.299597, 12.678997]]]}, "properties": {"layer": "web_unverified", "web_id": "2351", "title": "ซอย หนองรี", "depth_cm": null, "severity": "unknown", "passability": "unknown", "site_level": "flood", "district": "เมืองระยอง", "last_reported_at": "2026-09-29T15:16:43+07:00", "attribution": "rayongall.com (crowd-sourced, unverified)", "source_url": "https://74.rayongall.com/ry/flood-map/"}}, {"type": "Feature", "id": "web-rayongall-2873", "geometry": {"type": "Polygon", "coordinates": [[[101.323922, 12.696738], [101.323493, 12.696696], [101.322892, 12.696466], [101.322935, 12.695649], [101.323192, 12.694289], [101.323407, 12.693828], [101.323428, 12.693179], [101.323535, 12.693075], [101.32448, 12.693054], [101.325166, 12.693347], [101.325145, 12.694289], [101.324286, 12.696612], [101.323493, 12.696696], [101.323922, 12.696738]]]}, "properties": {"layer": "web_unverified", "web_id": "2873", "title": "โรงเรียนระยองปัญญานุกูล", "depth_cm": 30, "severity": "moderate", "passability": "all_vehicles", "site_level": "watch", "district": "เมืองระยอง", "last_reported_at": "2026-09-30T14:27:19+07:00", "attribution": "rayongall.com (crowd-sourced, unverified)", "source_url": "https://74.rayongall.com/ry/flood-map/"}}, {"type": "Feature", "id": "web-rayongall-2637", "geometry": {"type": "Polygon", "coordinates": [[[101.289316, 12.679159], [101.289509, 12.679101], [101.289707, 12.679075], [101.290646, 12.679075], [101.290694, 12.679127], [101.29056, 12.679159], [101.289364, 12.679148], [101.289316, 12.679159]]]}, "properties": {"layer": "web_unverified", "web_id": "2637", "title": "ซอยเพลินใจ1", "depth_cm": 20, "severity": "moderate", "passability": "all_vehicles", "site_level": "watch", "district": "เมืองระยอง", "last_reported_at": "2026-09-30T13:10:53+07:00", "attribution": "rayongall.com (crowd-sourced, unverified)", "source_url": "https://74.rayongall.com/ry/flood-map/"}}, {"type": "Feature", "id": "web-rayongall-2349", "geometry": {"type": "Polygon", "coordinates": [[[101.63888, 12.74803], [101.638243, 12.748444], [101.638152, 12.749924], [101.638698, 12.751167], [101.639123, 12.751522], [101.639518, 12.751256], [101.639609, 12.750753], [101.638789, 12.74803], [101.63888, 12.74803]]]}, "properties": {"layer": "web_unverified", "web_id": "2349", "title": "หน้าซ.หนองสนม", "depth_cm": 15, "severity": "moderate", "passability": "all_vehicles", "site_level": "watch", "district": "แกลง", "last_reported_at": "2026-09-30T11:08:50+07:00", "attribution": "rayongall.com (crowd-sourced, unverified)", "source_url": "https://74.rayongall.com/ry/flood-map/"}}, {"type": "Feature", "id": "web-rayongall-2350", "geometry": {"type": "Polygon", "coordinates": [[[101.637272, 12.747793], [101.635967, 12.749036], [101.635694, 12.74948], [101.635451, 12.750102], [101.635694, 12.750605], [101.63621, 12.750457], [101.636574, 12.750131], [101.638091, 12.748237], [101.637909, 12.74803], [101.636999, 12.747616], [101.637272, 12.747793]]]}, "properties": {"layer": "web_unverified", "web_id": "2350", "title": "ซ.หนองสนม", "depth_cm": 30, "severity": "moderate", "passability": "unknown", "site_level": "watch", "district": "แกลง", "last_reported_at": "2026-09-30T11:08:42+07:00", "attribution": "rayongall.com (crowd-sourced, unverified)", "source_url": "https://74.rayongall.com/ry/flood-map/"}}, {"type": "Feature", "id": "web-rayongall-1784", "geometry": {"type": "Polygon", "coordinates": [[[101.637257, 12.706679], [101.635891, 12.706797], [101.634996, 12.707152], [101.634647, 12.707419], [101.63445, 12.707685], [101.634359, 12.707922], [101.634374, 12.7081], [101.634662, 12.708366], [101.635224, 12.708573], [101.635831, 12.708514], [101.636347, 12.708292], [101.637211, 12.707596], [101.637409, 12.706989], [101.637333, 12.706797], [101.63706, 12.706634], [101.637257, 12.706679]]]}, "properties": {"layer": "web_unverified", "web_id": "1784", "title": "ซ.จำรุง", "depth_cm": 30, "severity": "moderate", "passability": "all_vehicles", "site_level": "watch", "district": "แกลง", "last_reported_at": "2026-09-30T11:08:12+07:00", "attribution": "rayongall.com (crowd-sourced, unverified)", "source_url": "https://74.rayongall.com/ry/flood-map/"}}, {"type": "Feature", "id": "web-rayongall-2783", "geometry": {"type": "Polygon", "coordinates": [[[101.274921, 12.692802], [101.275331, 12.692743], [101.276302, 12.692728], [101.274921, 12.692802]]]}, "properties": {"layer": "web_unverified", "web_id": "2783", "title": "หมู่บ้านระเบียงเมือง", "depth_cm": null, "severity": "unknown", "passability": "all_vehicles", "site_level": "watch", "district": "เมืองระยอง", "last_reported_at": "2026-09-30T00:22:00+07:00", "attribution": "rayongall.com (crowd-sourced, unverified)", "source_url": "https://74.rayongall.com/ry/flood-map/"}}, {"type": "Feature", "id": "web-rayongall-613", "geometry": {"type": "Polygon", "coordinates": [[[101.29876, 12.789342], [101.29869, 12.789253], [101.298658, 12.789106], [101.298551, 12.788892], [101.298535, 12.788706], [101.298476, 12.788465], [101.298478, 12.788455], [101.298553, 12.788426], [101.298567, 12.788426], [101.298674, 12.788635], [101.298787, 12.788988], [101.2988, 12.789062], [101.298797, 12.789347], [101.298773, 12.789373], [101.29876, 12.789342]]]}, "properties": {"layer": "web_unverified", "web_id": "613", "title": "ถนนเทศบาล 2", "depth_cm": 15, "severity": "moderate", "passability": "all_vehicles", "site_level": "watch", "district": "บ้านค่าย", "last_reported_at": "2026-09-29T21:52:33+07:00", "attribution": "rayongall.com (crowd-sourced, unverified)", "source_url": "https://74.rayongall.com/ry/flood-map/"}}, {"type": "Feature", "id": "web-rayongall-8", "geometry": {"type": "Point", "coordinates": [101.298444, 12.788036]}, "properties": {"layer": "web_unverified", "web_id": "8", "title": "อ.บ้านค่าย", "depth_cm": 15, "severity": "moderate", "passability": "all_vehicles", "site_level": "watch", "district": "บ้านค่าย", "last_reported_at": "2026-09-29T21:52:18+07:00", "attribution": "rayongall.com (crowd-sourced, unverified)", "source_url": "https://74.rayongall.com/ry/flood-map/"}}, {"type": "Feature", "id": "web-rayongall-262", "geometry": {"type": "Polygon", "coordinates": [[[101.295352, 12.788834], [101.295374, 12.788731], [101.295435, 12.788679], [101.295549, 12.788687], [101.295814, 12.788798], [101.296634, 12.788435], [101.296831, 12.788465], [101.296884, 12.788524], [101.296869, 12.788627], [101.296801, 12.788679], [101.296338, 12.788871], [101.295655, 12.789012], [101.295359, 12.788916], [101.295352, 12.788834]]]}, "properties": {"layer": "web_unverified", "web_id": "262", "title": "เทศบาล 1 ซอย 1", "depth_cm": 90, "severity": "severe", "passability": "all_vehicles", "site_level": "watch", "district": "บ้านค่าย", "last_reported_at": "2026-09-29T21:52:03+07:00", "attribution": "rayongall.com (crowd-sourced, unverified)", "source_url": "https://74.rayongall.com/ry/flood-map/"}}, {"type": "Feature", "id": "web-rayongall-2077", "geometry": {"type": "Point", "coordinates": [101.288444, 12.668324]}, "properties": {"layer": "web_unverified", "web_id": "2077", "title": "คลองตรงหมู่บ้านทวรีวรรณ 1 สะพานดำ แถวๆหมู่บ้านศรุตาวิลล์ค่ะ", "depth_cm": null, "severity": "unknown", "passability": "all_vehicles", "site_level": "watch", "district": "เมืองระยอง", "last_reported_at": "2026-09-29T21:44:13+07:00", "attribution": "rayongall.com (crowd-sourced, unverified)", "source_url": "https://74.rayongall.com/ry/flood-map/"}}, {"type": "Feature", "id": "web-rayongall-2732", "geometry": {"type": "Point", "coordinates": [101.298779, 12.77896]}, "properties": {"layer": "web_unverified", "web_id": "2732", "title": "ขนำนาปลาเผา", "depth_cm": null, "severity": "unknown", "passability": "unknown", "site_level": "watch", "district": "บ้านค่าย", "last_reported_at": "2026-09-29T21:15:00+07:00", "attribution": "rayongall.com (crowd-sourced, unverified)", "source_url": "https://74.rayongall.com/ry/flood-map/"}}, {"type": "Feature", "id": "web-rayongall-1845", "geometry": {"type": "Polygon", "coordinates": [[[101.713743, 12.750195], [101.713271, 12.75007], [101.711555, 12.750865], [101.708937, 12.751325], [101.706533, 12.752748], [101.705074, 12.754381], [101.703873, 12.756264], [101.703615, 12.757604], [101.704302, 12.758901], [101.705203, 12.759236], [101.706963, 12.759236], [101.710825, 12.757646], [101.714044, 12.75572], [101.714988, 12.75413], [101.715331, 12.753], [101.715331, 12.752079], [101.714301, 12.75053], [101.713443, 12.750028], [101.713657, 12.750153], [101.713743, 12.750195]]]}, "properties": {"layer": "web_unverified", "web_id": "1845", "title": "ทุ่งควายกิน-คลองแพน", "depth_cm": 30, "severity": "moderate", "passability": "unknown", "site_level": "watch", "district": "แกลง", "last_reported_at": "2026-09-29T19:12:51+07:00", "attribution": "rayongall.com (crowd-sourced, unverified)", "source_url": "https://74.rayongall.com/ry/flood-map/"}}, {"type": "Feature", "id": "web-rayongall-2358", "geometry": {"type": "Polygon", "coordinates": [[[101.602786, 13.103774], [101.602657, 13.103503], [101.602485, 13.10275], [101.602603, 13.102667], [101.602668, 13.102709], [101.602753, 13.10297], [101.60285, 13.10343], [101.602861, 13.103983], [101.602646, 13.103785], [101.602517, 13.103503], [101.602453, 13.103085], [101.602464, 13.1025], [101.602582, 13.10251], [101.602721, 13.10275], [101.602764, 13.103106], [101.602743, 13.1039], [101.602786, 13.103774]]]}, "properties": {"layer": "web_unverified", "web_id": "2358", "title": "สะพานแดง", "depth_cm": 15, "severity": "moderate", "passability": "all_vehicles", "site_level": "watch", "district": "เขาชะเมา", "last_reported_at": "2026-09-29T16:55:51+07:00", "attribution": "rayongall.com (crowd-sourced, unverified)", "source_url": "https://74.rayongall.com/ry/flood-map/"}}, {"type": "Feature", "id": "web-rayongall-2468", "geometry": {"type": "Polygon", "coordinates": [[[101.300308, 12.678876], [101.300426, 12.678813], [101.300662, 12.678777], [101.301354, 12.67884], [101.301439, 12.67884], [101.301531, 12.678782], [101.301488, 12.678756], [101.301295, 12.678735], [101.300527, 12.678719], [101.300302, 12.678772], [101.300265, 12.678813], [101.30027, 12.67885], [101.300308, 12.678876]]]}, "properties": {"layer": "web_unverified", "web_id": "2468", "title": "หนองจอก ซอยยาคูลท์", "depth_cm": 15, "severity": "moderate", "passability": "all_vehicles", "site_level": "watch", "district": "เมืองระยอง", "last_reported_at": "2026-09-29T15:20:00+07:00", "attribution": "rayongall.com (crowd-sourced, unverified)", "source_url": "https://74.rayongall.com/ry/flood-map/"}}]}